"date","inflation","nominal_interest_rate","exp_inflation","real_interest_rate","uncertainty","ibcbr","real_ex_rate","commodity_index","ind_prod","m1"
1960-01-01,NA,NA,NA,NA,NA,NA,NA,NA,NA,NA
1960-02-01,NA,NA,NA,NA,NA,NA,NA,NA,NA,NA
1960-03-01,NA,NA,NA,NA,NA,NA,NA,NA,NA,NA
1960-04-01,NA,NA,NA,NA,NA,NA,NA,NA,NA,NA
1960-05-01,NA,NA,NA,NA,NA,NA,NA,NA,NA,NA
1960-06-01,NA,NA,NA,NA,NA,NA,NA,NA,NA,NA
1960-07-01,NA,NA,NA,NA,NA,NA,NA,NA,NA,NA
1960-08-01,NA,NA,NA,NA,NA,NA,NA,NA,NA,NA
1960-09-01,NA,NA,NA,NA,NA,NA,NA,NA,NA,NA
1960-10-01,NA,NA,NA,NA,NA,NA,NA,NA,NA,NA
1960-11-01,NA,NA,NA,NA,NA,NA,NA,NA,NA,NA
1960-12-01,NA,NA,NA,NA,NA,NA,NA,NA,NA,NA
1961-01-01,NA,NA,NA,NA,NA,NA,NA,NA,NA,NA
1961-02-01,NA,NA,NA,NA,NA,NA,NA,NA,NA,NA
1961-03-01,NA,NA,NA,NA,NA,NA,NA,NA,NA,NA
1961-04-01,NA,NA,NA,NA,NA,NA,NA,NA,NA,NA
1961-05-01,NA,NA,NA,NA,NA,NA,NA,NA,NA,NA
1961-06-01,NA,NA,NA,NA,NA,NA,NA,NA,NA,NA
1961-07-01,NA,NA,NA,NA,NA,NA,NA,NA,NA,NA
1961-08-01,NA,NA,NA,NA,NA,NA,NA,NA,NA,NA
1961-09-01,NA,NA,NA,NA,NA,NA,NA,NA,NA,NA
1961-10-01,NA,NA,NA,NA,NA,NA,NA,NA,NA,NA
1961-11-01,NA,NA,NA,NA,NA,NA,NA,NA,NA,NA
1961-12-01,NA,NA,NA,NA,NA,NA,NA,NA,NA,NA
1962-01-01,NA,NA,NA,NA,NA,NA,NA,NA,NA,NA
1962-02-01,NA,NA,NA,NA,NA,NA,NA,NA,NA,NA
1962-03-01,NA,NA,NA,NA,NA,NA,NA,NA,NA,NA
1962-04-01,NA,NA,NA,NA,NA,NA,NA,NA,NA,NA
1962-05-01,NA,NA,NA,NA,NA,NA,NA,NA,NA,NA
1962-06-01,NA,NA,NA,NA,NA,NA,NA,NA,NA,NA
1962-07-01,NA,NA,NA,NA,NA,NA,NA,NA,NA,NA
1962-08-01,NA,NA,NA,NA,NA,NA,NA,NA,NA,NA
1962-09-01,NA,NA,NA,NA,NA,NA,NA,NA,NA,NA
1962-10-01,NA,NA,NA,NA,NA,NA,NA,NA,NA,NA
1962-11-01,NA,NA,NA,NA,NA,NA,NA,NA,NA,NA
1962-12-01,NA,NA,NA,NA,NA,NA,NA,NA,NA,1.691e+09
1963-01-01,NA,NA,NA,NA,NA,NA,NA,NA,NA,1.691e+09
1963-02-01,NA,NA,NA,NA,NA,NA,NA,NA,NA,1.698e+09
1963-03-01,NA,NA,NA,NA,NA,NA,NA,NA,NA,1.697e+09
1963-04-01,NA,NA,NA,NA,NA,NA,NA,NA,NA,1.7e+09
1963-05-01,NA,NA,NA,NA,NA,NA,NA,NA,NA,1.769e+09
1963-06-01,NA,NA,NA,NA,NA,NA,NA,NA,NA,1.873e+09
1963-07-01,NA,NA,NA,NA,NA,NA,NA,NA,NA,1.91e+09
1963-08-01,NA,NA,NA,NA,NA,NA,NA,NA,NA,2.027e+09
1963-09-01,NA,NA,NA,NA,NA,NA,NA,NA,NA,2.139e+09
1963-10-01,NA,NA,NA,NA,NA,NA,NA,NA,NA,2.246e+09
1963-11-01,NA,NA,NA,NA,NA,NA,NA,NA,NA,2.403e+09
1963-12-01,NA,NA,NA,NA,NA,NA,NA,NA,NA,2.778e+09
1964-01-01,NA,NA,NA,NA,NA,NA,NA,NA,NA,2.765e+09
1964-02-01,NA,NA,NA,NA,NA,NA,NA,NA,NA,2.85e+09
1964-03-01,NA,NA,NA,NA,NA,NA,NA,NA,NA,3.026e+09
1964-04-01,NA,NA,NA,NA,NA,NA,NA,NA,NA,3.1e+09
1964-05-01,NA,NA,NA,NA,NA,NA,NA,NA,NA,3.28e+09
1964-06-01,NA,NA,NA,NA,NA,NA,NA,NA,NA,3.593e+09
1964-07-01,NA,NA,NA,NA,NA,NA,NA,NA,NA,3.673e+09
1964-08-01,NA,NA,NA,NA,NA,NA,NA,NA,NA,3.915e+09
1964-09-01,NA,NA,NA,NA,NA,NA,NA,NA,NA,4.156e+09
1964-10-01,NA,NA,NA,NA,NA,NA,NA,NA,NA,4.424e+09
1964-11-01,NA,NA,NA,NA,NA,NA,NA,NA,NA,4.638e+09
1964-12-01,NA,NA,NA,NA,NA,NA,NA,NA,NA,5.128e+09
1965-01-01,NA,NA,NA,NA,NA,NA,NA,NA,NA,5.131e+09
1965-02-01,NA,NA,NA,NA,NA,NA,NA,NA,NA,5.384e+09
1965-03-01,NA,NA,NA,NA,NA,NA,NA,NA,NA,5.561e+09
1965-04-01,NA,NA,NA,NA,NA,NA,NA,NA,NA,5.845e+09
1965-05-01,NA,NA,NA,NA,NA,NA,NA,NA,NA,6.144e+09
1965-06-01,NA,NA,NA,NA,NA,NA,NA,NA,NA,6.607e+09
1965-07-01,NA,NA,NA,NA,NA,NA,NA,NA,NA,6.858e+09
1965-08-01,NA,NA,NA,NA,NA,NA,NA,NA,NA,7.29e+09
1965-09-01,NA,NA,NA,NA,NA,NA,NA,NA,NA,7.67e+09
1965-10-01,NA,NA,NA,NA,NA,NA,NA,NA,NA,8.041e+09
1965-11-01,NA,NA,NA,NA,NA,NA,NA,NA,NA,8.228e+09
1965-12-01,NA,NA,NA,NA,NA,NA,NA,NA,NA,9.051e+09
1966-01-01,NA,NA,NA,NA,NA,NA,NA,NA,NA,8.78e+09
1966-02-01,NA,NA,NA,NA,NA,NA,NA,NA,NA,8.852e+09
1966-03-01,NA,NA,NA,NA,NA,NA,NA,NA,NA,8.775e+09
1966-04-01,NA,NA,NA,NA,NA,NA,NA,NA,NA,8.817e+09
1966-05-01,NA,NA,NA,NA,NA,NA,NA,NA,NA,8.994e+09
1966-06-01,NA,NA,NA,NA,NA,NA,NA,NA,NA,9.357e+09
1966-07-01,NA,NA,NA,NA,NA,NA,NA,NA,NA,9.245e+09
1966-08-01,NA,NA,NA,NA,NA,NA,NA,NA,NA,9.512e+09
1966-09-01,NA,NA,NA,NA,NA,NA,NA,NA,NA,9.602e+09
1966-10-01,NA,NA,NA,NA,NA,NA,NA,NA,NA,9.806e+09
1966-11-01,NA,NA,NA,NA,NA,NA,NA,NA,NA,9.943e+09
1966-12-01,NA,NA,NA,NA,NA,NA,NA,NA,NA,1.0482e+10
1967-01-01,NA,NA,NA,NA,NA,NA,NA,NA,NA,1.0338e+10
1967-02-01,NA,NA,NA,NA,NA,NA,NA,NA,NA,10584000
1967-03-01,NA,NA,NA,NA,NA,NA,NA,NA,NA,10989000
1967-04-01,NA,NA,NA,NA,NA,NA,NA,NA,NA,11599000
1967-05-01,NA,NA,NA,NA,NA,NA,NA,NA,NA,12189000
1967-06-01,NA,NA,NA,NA,NA,NA,NA,NA,NA,12753000
1967-07-01,NA,NA,NA,NA,NA,NA,NA,NA,NA,12971000
1967-08-01,NA,NA,NA,NA,NA,NA,NA,NA,NA,13479000
1967-09-01,NA,NA,NA,NA,NA,NA,NA,NA,NA,13845000
1967-10-01,NA,NA,NA,NA,NA,NA,NA,NA,NA,14120000
1967-11-01,NA,NA,NA,NA,NA,NA,NA,NA,NA,14771000
1967-12-01,NA,NA,NA,NA,NA,NA,NA,NA,NA,15004000
1968-01-01,NA,NA,NA,NA,NA,NA,NA,NA,NA,15087000
1968-02-01,NA,NA,NA,NA,NA,NA,NA,NA,NA,15508000
1968-03-01,NA,NA,NA,NA,NA,NA,NA,NA,NA,16567000
1968-04-01,NA,NA,NA,NA,NA,NA,NA,NA,NA,17311000
1968-05-01,NA,NA,NA,NA,NA,NA,NA,NA,NA,17547000
1968-06-01,NA,NA,NA,NA,NA,NA,NA,NA,NA,17998000
1968-07-01,NA,NA,NA,NA,NA,NA,NA,NA,NA,17924000
1968-08-01,NA,NA,NA,NA,NA,NA,NA,NA,NA,18616000
1968-09-01,NA,NA,NA,NA,NA,NA,NA,NA,NA,19268000
1968-10-01,NA,NA,NA,NA,NA,NA,NA,NA,NA,19572000
1968-11-01,NA,NA,NA,NA,NA,NA,NA,NA,NA,20290000
1968-12-01,NA,NA,NA,NA,NA,NA,NA,NA,NA,21384000
1969-01-01,NA,NA,NA,NA,NA,NA,NA,NA,NA,21118000
1969-02-01,NA,NA,NA,NA,NA,NA,NA,NA,NA,21412000
1969-03-01,NA,NA,NA,NA,NA,NA,NA,NA,NA,22264000
1969-04-01,NA,NA,NA,NA,NA,NA,NA,NA,NA,22637000
1969-05-01,NA,NA,NA,NA,NA,NA,NA,NA,NA,23015000
1969-06-01,NA,NA,NA,NA,NA,NA,NA,NA,NA,23905000
1969-07-01,NA,NA,NA,NA,NA,NA,NA,NA,NA,23514000
1969-08-01,NA,NA,NA,NA,NA,NA,NA,NA,NA,24290000
1969-09-01,NA,NA,NA,NA,NA,NA,NA,NA,NA,25019000
1969-10-01,NA,NA,NA,NA,NA,NA,NA,NA,NA,25307000
1969-11-01,NA,NA,NA,NA,NA,NA,NA,NA,NA,26573000
1969-12-01,NA,NA,NA,NA,NA,NA,NA,NA,NA,28348000
1970-01-01,NA,NA,NA,NA,NA,NA,NA,NA,NA,27017000
1970-02-01,NA,NA,NA,NA,NA,NA,NA,NA,NA,27290000
1970-03-01,NA,NA,NA,NA,NA,NA,NA,NA,NA,28057000
1970-04-01,NA,NA,NA,NA,NA,NA,NA,NA,NA,28703000
1970-05-01,NA,NA,NA,NA,NA,NA,NA,NA,NA,29723000
1970-06-01,NA,NA,NA,NA,NA,NA,NA,NA,NA,30919000
1970-07-01,NA,NA,NA,NA,NA,NA,NA,NA,NA,30891000
1970-08-01,NA,NA,NA,NA,NA,NA,NA,NA,NA,31258000
1970-09-01,NA,NA,NA,NA,NA,NA,NA,NA,NA,31423000
1970-10-01,NA,NA,NA,NA,NA,NA,NA,NA,NA,32049000
1970-11-01,NA,NA,NA,NA,NA,NA,NA,NA,NA,33337000
1970-12-01,NA,NA,NA,NA,NA,NA,NA,NA,NA,35455000
1971-01-01,NA,NA,NA,NA,NA,NA,NA,NA,NA,34489000
1971-02-01,NA,NA,NA,NA,NA,NA,NA,NA,NA,34785000
1971-03-01,NA,NA,NA,NA,NA,NA,NA,NA,NA,35056000
1971-04-01,NA,NA,NA,NA,NA,NA,NA,NA,NA,36061000
1971-05-01,NA,NA,NA,NA,NA,NA,NA,NA,NA,37163000
1971-06-01,NA,NA,NA,NA,NA,NA,NA,NA,NA,39589000
1971-07-01,NA,NA,NA,NA,NA,NA,NA,NA,NA,40058000
1971-08-01,NA,NA,NA,NA,NA,NA,NA,NA,NA,40660000
1971-09-01,NA,NA,NA,NA,NA,NA,NA,NA,NA,42296000
1971-10-01,NA,NA,NA,NA,NA,NA,NA,NA,NA,43868000
1971-11-01,NA,NA,NA,NA,NA,NA,NA,NA,NA,45520000
1971-12-01,NA,NA,NA,NA,NA,NA,NA,NA,NA,46289000
1972-01-01,NA,NA,NA,NA,NA,NA,NA,NA,NA,44438000
1972-02-01,NA,NA,NA,NA,NA,NA,NA,NA,NA,45172000
1972-03-01,NA,NA,NA,NA,NA,NA,NA,NA,NA,47252000
1972-04-01,NA,NA,NA,NA,NA,NA,NA,NA,NA,47894000
1972-05-01,NA,NA,NA,NA,NA,NA,NA,NA,NA,48862000
1972-06-01,NA,NA,NA,NA,NA,NA,NA,NA,NA,51852000
1972-07-01,NA,NA,NA,NA,NA,NA,NA,NA,NA,51390000
1972-08-01,NA,NA,NA,NA,NA,NA,NA,NA,NA,51857000
1972-09-01,NA,NA,NA,NA,NA,NA,NA,NA,NA,54438000
1972-10-01,NA,NA,NA,NA,NA,NA,NA,NA,NA,56269000
1972-11-01,NA,NA,NA,NA,NA,NA,NA,NA,NA,58052000
1972-12-01,NA,NA,NA,NA,NA,NA,NA,NA,NA,63851000
1973-01-01,NA,NA,NA,NA,NA,NA,NA,NA,NA,60683000
1973-02-01,NA,NA,NA,NA,NA,NA,NA,NA,NA,62854000
1973-03-01,NA,NA,NA,NA,NA,NA,NA,NA,NA,64966000
1973-04-01,NA,NA,NA,NA,NA,NA,NA,NA,NA,68611000
1973-05-01,NA,NA,NA,NA,NA,NA,NA,NA,NA,71229000
1973-06-01,NA,NA,NA,NA,NA,NA,NA,NA,NA,76748000
1973-07-01,NA,NA,NA,NA,NA,NA,NA,NA,NA,76684000
1973-08-01,NA,NA,NA,NA,NA,NA,NA,NA,NA,78644000
1973-09-01,NA,NA,NA,NA,NA,NA,NA,NA,NA,83011000
1973-10-01,NA,NA,NA,NA,NA,NA,NA,NA,NA,85511000
1973-11-01,NA,NA,NA,NA,NA,NA,NA,NA,NA,88630000
1973-12-01,NA,NA,NA,NA,NA,NA,NA,NA,NA,93888000
1974-01-01,NA,NA,NA,NA,NA,NA,NA,NA,NA,90124000
1974-02-01,NA,NA,NA,NA,NA,NA,NA,NA,NA,94294000
1974-03-01,NA,NA,NA,NA,NA,NA,NA,NA,NA,97555000
1974-04-01,NA,NA,NA,NA,NA,NA,NA,NA,NA,98825000
1974-05-01,NA,NA,NA,NA,NA,NA,NA,NA,NA,100560000
1974-06-01,NA,NA,NA,NA,NA,NA,NA,NA,NA,105084000
1974-07-01,NA,NA,NA,NA,NA,NA,NA,NA,NA,102704000
1974-08-01,NA,NA,NA,NA,NA,NA,NA,NA,NA,107892000
1974-09-01,NA,NA,NA,NA,NA,NA,NA,NA,NA,108057000
1974-10-01,NA,NA,NA,NA,NA,NA,NA,NA,NA,110694000
1974-11-01,NA,NA,NA,NA,NA,NA,NA,NA,NA,118326000
1974-12-01,NA,NA,NA,NA,NA,NA,NA,NA,NA,125345000
1975-01-01,NA,NA,NA,NA,NA,NA,NA,NA,NA,116417000
1975-02-01,NA,NA,NA,NA,NA,NA,NA,NA,NA,116792000
1975-03-01,NA,NA,NA,NA,NA,NA,NA,NA,NA,121239000
1975-04-01,NA,NA,NA,NA,NA,NA,NA,NA,NA,123915000
1975-05-01,NA,NA,NA,NA,NA,NA,NA,NA,NA,129887000
1975-06-01,NA,NA,NA,NA,NA,NA,NA,NA,NA,138543000
1975-07-01,NA,NA,NA,NA,NA,NA,NA,NA,NA,137720000
1975-08-01,NA,NA,NA,NA,NA,NA,NA,NA,NA,146875000
1975-09-01,NA,NA,NA,NA,NA,NA,NA,NA,NA,150191000
1975-10-01,NA,NA,NA,NA,NA,NA,NA,NA,NA,152159000
1975-11-01,NA,NA,NA,NA,NA,NA,NA,NA,NA,164880000
1975-12-01,NA,NA,NA,NA,NA,NA,NA,NA,NA,179922000
1976-01-01,NA,NA,NA,NA,NA,NA,NA,NA,NA,169626000
1976-02-01,NA,NA,NA,NA,NA,NA,NA,NA,NA,172702000
1976-03-01,NA,NA,NA,NA,NA,NA,NA,NA,NA,175163000
1976-04-01,NA,NA,NA,NA,NA,NA,NA,NA,NA,180621000
1976-05-01,NA,NA,NA,NA,NA,NA,NA,NA,NA,187467000
1976-06-01,NA,NA,NA,NA,NA,NA,NA,NA,NA,204459000
1976-07-01,NA,NA,NA,NA,NA,NA,NA,NA,NA,202441000
1976-08-01,NA,NA,NA,NA,NA,NA,NA,NA,NA,202683000
1976-09-01,NA,NA,NA,NA,NA,NA,NA,NA,NA,208098000
1976-10-01,NA,NA,NA,NA,NA,NA,NA,NA,NA,217410000
1976-11-01,NA,NA,NA,NA,NA,NA,NA,NA,NA,226161000
1976-12-01,NA,NA,NA,NA,NA,NA,NA,NA,NA,248706000
1977-01-01,NA,NA,NA,NA,NA,NA,NA,NA,NA,228831000
1977-02-01,NA,NA,NA,NA,NA,NA,NA,NA,NA,232628000
1977-03-01,NA,NA,NA,NA,NA,NA,NA,NA,NA,239464000
1977-04-01,NA,NA,NA,NA,NA,NA,NA,NA,NA,255727000
1977-05-01,NA,NA,NA,NA,NA,NA,NA,NA,NA,259534000
1977-06-01,NA,NA,NA,NA,NA,NA,NA,NA,NA,275941000
1977-07-01,NA,NA,NA,NA,NA,NA,NA,NA,NA,277429000
1977-08-01,NA,NA,NA,NA,NA,NA,NA,NA,NA,282832000
1977-09-01,NA,NA,NA,NA,NA,NA,NA,NA,NA,294606000
1977-10-01,NA,NA,NA,NA,NA,NA,NA,NA,NA,304453000
1977-11-01,NA,NA,NA,NA,NA,NA,NA,NA,NA,312037000
1977-12-01,NA,NA,NA,NA,NA,NA,NA,NA,NA,343223000
1978-01-01,NA,NA,NA,NA,NA,NA,NA,NA,NA,321171000
1978-02-01,NA,NA,NA,NA,NA,NA,NA,NA,NA,328309000
1978-03-01,NA,NA,NA,NA,NA,NA,NA,NA,NA,338909000
1978-04-01,NA,NA,NA,NA,NA,NA,NA,NA,NA,354454000
1978-05-01,NA,NA,NA,NA,NA,NA,NA,NA,NA,358574000
1978-06-01,NA,NA,NA,NA,NA,NA,NA,NA,NA,381592000
1978-07-01,NA,NA,NA,NA,NA,NA,NA,NA,NA,383871000
1978-08-01,NA,NA,NA,NA,NA,NA,NA,NA,NA,395961000
1978-09-01,NA,NA,NA,NA,NA,NA,NA,NA,NA,415091000
1978-10-01,NA,NA,NA,NA,NA,NA,NA,NA,NA,425545000
1978-11-01,NA,NA,NA,NA,NA,NA,NA,NA,NA,442387000
1978-12-01,NA,NA,NA,NA,NA,NA,NA,NA,NA,484609000
1979-01-01,NA,NA,NA,NA,NA,NA,NA,NA,NA,458164000
1979-02-01,NA,NA,NA,NA,NA,NA,NA,NA,NA,487953000
1979-03-01,NA,NA,NA,NA,NA,NA,NA,NA,NA,486911000
1979-04-01,NA,NA,NA,NA,NA,NA,NA,NA,NA,499207000
1979-05-01,NA,NA,NA,NA,NA,NA,NA,NA,NA,516310000
1979-06-01,NA,NA,NA,NA,NA,NA,NA,NA,NA,564956000
1979-07-01,NA,NA,NA,NA,NA,NA,NA,NA,NA,575432000
1979-08-01,NA,NA,NA,NA,NA,NA,NA,NA,NA,587464000
1979-09-01,NA,NA,NA,NA,NA,NA,NA,NA,NA,634111000
1979-10-01,NA,NA,NA,NA,NA,NA,NA,NA,NA,656871000
1979-11-01,NA,NA,NA,NA,NA,NA,NA,NA,NA,707479000
1979-12-01,NA,NA,NA,NA,NA,NA,NA,NA,NA,838226000
1980-01-01,1.15806309661778,NA,NA,NA,NA,NA,NA,NA,NA,8.14e+08
1980-02-01,0.719398677256249,NA,NA,NA,NA,NA,NA,NA,NA,8.45e+08
1980-03-01,1.02132724007531,NA,NA,NA,NA,NA,NA,NA,NA,8.78e+08
1980-04-01,0.856288645667403,NA,NA,NA,NA,NA,NA,NA,NA,9.57e+08
1980-05-01,0.944911515379113,NA,NA,NA,NA,NA,NA,NA,NA,1.011e+09
1980-06-01,0.860524328147166,NA,NA,NA,NA,NA,NA,NA,NA,1.101e+09
1980-07-01,0.91204826913656,NA,NA,NA,NA,NA,NA,NA,NA,1.076e+09
1980-08-01,0.785621124018923,NA,NA,NA,NA,NA,NA,NA,NA,1.129e+09
1980-09-01,0.644041791872124,NA,NA,NA,NA,NA,NA,NA,NA,1.17e+09
1980-10-01,1.96495062059835,NA,NA,NA,NA,NA,NA,NA,NA,1.221e+09
1980-11-01,1.17023888726728,NA,NA,NA,NA,NA,NA,NA,NA,1.326e+09
1980-12-01,1.15563546554714,NA,NA,NA,NA,NA,NA,NA,NA,1.487e+09
1981-01-01,1.21210915025817,NA,NA,NA,NA,NA,NA,NA,NA,1.366e+09
1981-02-01,1.10522992886421,NA,NA,NA,NA,NA,NA,NA,NA,1.425e+09
1981-03-01,0.789708770758027,NA,NA,NA,NA,NA,NA,NA,NA,1.394e+09
1981-04-01,1.11952011259828,NA,NA,NA,NA,NA,NA,NA,NA,1.512e+09
1981-05-01,0.914223213614898,NA,NA,NA,NA,NA,NA,NA,NA,1.583e+09
1981-06-01,0.90553701987975,NA,NA,NA,NA,NA,NA,NA,NA,1.718e+09
1981-07-01,1.07222896040122,NA,NA,NA,NA,NA,NA,NA,NA,1.725e+09
1981-08-01,0.901207485759007,NA,NA,NA,NA,NA,NA,NA,NA,1.803e+09
1981-09-01,0.849951693727175,NA,NA,NA,NA,NA,NA,NA,NA,1.881e+09
1981-10-01,0.812344563410613,NA,NA,NA,NA,NA,NA,NA,NA,2.104e+09
1981-11-01,0.852061804267163,NA,NA,NA,NA,NA,NA,NA,NA,2.289e+09
1981-12-01,0.996308552661183,NA,NA,NA,NA,NA,NA,NA,NA,2.79e+09
1982-01-01,1.24462579589805,NA,NA,NA,NA,NA,NA,NA,NA,2.615e+09
1982-02-01,1.1629258787585,NA,NA,NA,NA,NA,NA,NA,NA,2.673e+09
1982-03-01,0.947120700451196,NA,NA,NA,NA,NA,NA,NA,NA,2.611e+09
1982-04-01,0.987281454402532,NA,NA,NA,NA,NA,NA,NA,NA,2.817e+09
1982-05-01,1.16779870325032,NA,NA,NA,NA,NA,NA,NA,NA,2.991e+09
1982-06-01,1.2775800496908,NA,NA,NA,NA,NA,NA,NA,NA,3.211e+09
1982-07-01,1.09575226363107,NA,NA,NA,NA,NA,NA,NA,NA,3.357e+09
1982-08-01,1.00537322463174,NA,NA,NA,NA,NA,NA,NA,NA,3.378e+09
1982-09-01,0.812344563410613,NA,NA,NA,NA,NA,NA,NA,NA,3.544e+09
1982-10-01,0.684233718864115,NA,NA,NA,NA,NA,NA,NA,NA,3.83e+09
1982-11-01,0.856288645667403,NA,NA,NA,NA,NA,NA,NA,NA,4.149e+09
1982-12-01,1.46552012860459,NA,NA,NA,NA,NA,NA,NA,NA,4.644e+09
1983-01-01,1.70319318105034,NA,NA,NA,NA,NA,NA,NA,NA,4.682e+09
1983-02-01,1.47927665695942,NA,NA,NA,NA,NA,NA,NA,NA,4.752e+09
1983-03-01,1.33958641758606,NA,NA,NA,NA,NA,NA,NA,NA,4.656e+09
1983-04-01,1.14836758414847,NA,NA,NA,NA,NA,NA,NA,NA,5.041e+09
1983-05-01,1.12430323072601,NA,NA,NA,NA,NA,NA,NA,NA,5.211e+09
1983-06-01,2.09758911123544,NA,NA,NA,NA,NA,NA,NA,NA,5.841e+09
1983-07-01,2.16592812281552,NA,NA,NA,NA,NA,NA,NA,NA,5.935e+09
1983-08-01,1.84691610541617,NA,NA,NA,NA,NA,NA,NA,NA,6.172e+09
1983-09-01,2.24269535369497,NA,NA,NA,NA,NA,NA,NA,NA,6.761e+09
1983-10-01,1.77267313865315,NA,NA,NA,NA,NA,NA,NA,NA,7.383e+09
1983-11-01,1.35006998385386,NA,NA,NA,NA,NA,NA,NA,NA,7.882e+09
1983-12-01,1.71516081273207,NA,NA,NA,NA,NA,NA,NA,NA,9.177e+09
1984-01-01,2.02729066458364,NA,NA,NA,NA,NA,NA,NA,NA,9.125e+09
1984-02-01,1.97145686422725,NA,NA,NA,NA,NA,NA,NA,NA,9.261e+09
1984-03-01,1.79414185714495,NA,NA,NA,NA,NA,NA,NA,NA,1.0052e+10
1984-04-01,1.98450863053955,NA,NA,NA,NA,NA,NA,NA,NA,1.1514e+10
1984-05-01,1.82818646150411,NA,NA,NA,NA,NA,NA,NA,NA,1.2126e+10
1984-06-01,2.16592812281552,NA,NA,NA,NA,NA,NA,NA,NA,1.2945e+10
1984-07-01,2.04389443888223,NA,NA,NA,NA,NA,NA,NA,NA,1.4168e+10
1984-08-01,1.92297733949268,NA,NA,NA,NA,NA,NA,NA,NA,1.5324e+10
1984-09-01,2.79289117037885,NA,NA,NA,NA,NA,NA,NA,NA,1.7402e+10
1984-10-01,2.29243170849982,NA,NA,NA,NA,NA,NA,NA,NA,1.8188e+10
1984-11-01,2.32477331557648,NA,NA,NA,NA,NA,NA,NA,NA,2.1229e+10
1984-12-01,2.88763566712355,NA,NA,NA,NA,NA,NA,NA,NA,2.7698e+10
1985-01-01,2.796966078808,NA,NA,NA,NA,NA,NA,NA,NA,2.494e+10
1985-02-01,2.44959865900807,NA,NA,NA,NA,NA,NA,NA,NA,2.8129e+10
1985-03-01,2.19364858796827,NA,NA,NA,NA,NA,NA,NA,NA,3.0994e+10
1985-04-01,1.57470294189861,NA,NA,NA,NA,NA,NA,NA,NA,3.4324e+10
1985-05-01,1.30323061311138,NA,NA,NA,NA,NA,NA,NA,NA,3.7206e+10
1985-06-01,1.65874392376059,NA,NA,NA,NA,NA,NA,NA,NA,4.4266e+10
1985-07-01,2.24622497775331,NA,NA,NA,NA,NA,NA,NA,NA,4.9101e+10
1985-08-01,2.91689861533881,NA,NA,NA,NA,NA,NA,NA,NA,5.6029e+10
1985-09-01,2.54410673538034,NA,NA,NA,NA,NA,NA,NA,NA,6.5014e+10
1985-10-01,2.35740590243227,NA,NA,NA,NA,NA,NA,NA,NA,6.7505e+10
1985-11-01,3.80271238514481,NA,NA,NA,NA,NA,NA,NA,NA,8.3917e+10
1985-12-01,4.38946129236069,NA,NA,NA,NA,NA,NA,NA,NA,1.11976e+11
1986-01-01,4.00893566123541,NA,NA,NA,NA,NA,NA,NA,NA,1.02136e+11
1986-02-01,3.20738022320573,NA,NA,NA,NA,NA,NA,NA,NA,1.16536e+11
1986-03-01,0.749215539900184,NA,NA,NA,NA,NA,NA,NA,NA,210012000
1986-04-01,0.0977216967611758,NA,NA,NA,NA,NA,NA,NA,NA,250481000
1986-05-01,0.181559128918122,NA,NA,NA,NA,NA,NA,NA,NA,288894000
1986-06-01,0.163508927003142,0.1827,NA,NA,NA,NA,NA,NA,NA,334090000
1986-07-01,0.225642612142678,0.2508,NA,NA,NA,NA,NA,NA,NA,333311000
1986-08-01,0.519851788049818,0.3988,NA,NA,NA,NA,NA,NA,NA,356193000
1986-09-01,0.227089438137531,0.3978,NA,NA,NA,NA,NA,NA,NA,375906000
1986-10-01,0.253401494152225,0.2546,NA,NA,NA,NA,NA,NA,NA,403240000
1986-11-01,0.890423071243544,0.4243,NA,NA,NA,NA,NA,NA,NA,421915000
1986-12-01,2.75236199703816,1.1556,NA,NA,NA,NA,NA,NA,NA,455476000
1987-01-01,3.43218097013534,3.2115,NA,NA,NA,NA,NA,NA,NA,356055000
1987-02-01,3.17168686110336,2.9837,NA,NA,NA,NA,NA,NA,NA,377484000
1987-03-01,5.1672621867802,3.2277,NA,NA,NA,NA,NA,NA,NA,424991000
1987-04-01,7.14593870363126,9.2677,NA,NA,NA,NA,NA,NA,NA,357719000
1987-05-01,9.29841122688714,13.3062,NA,NA,NA,NA,NA,NA,NA,361154000
1987-06-01,7.66094278521884,2.4273,NA,NA,NA,NA,NA,NA,NA,475166000
1987-07-01,1.87838501636781,1.3514,NA,NA,NA,NA,NA,NA,NA,522629000
1987-08-01,0.769355971207854,2.0124,NA,NA,NA,NA,NA,NA,NA,573539000
1987-09-01,1.45729983290258,1.2527,NA,NA,NA,NA,NA,NA,NA,622894000
1987-10-01,2.58257003331377,2.4434,NA,NA,NA,NA,NA,NA,NA,695783000
1987-11-01,4.39508434410918,4.7092,NA,NA,NA,NA,NA,NA,NA,792059000
1987-12-01,3.8945299452946,3.4209,NA,NA,NA,NA,NA,NA,NA,1035920000
1988-01-01,6.97524300129365,8.9109,NA,NA,NA,NA,125.54,NA,NA,9.29e+08
1988-02-01,4.75440344669941,9.4921,NA,NA,NA,NA,125.72,NA,NA,1.026e+09
1988-03-01,5.99661313224583,5.1286,NA,NA,NA,NA,127.44,NA,NA,1.17e+09
1988-04-01,7.30325666953518,8.6256,NA,NA,NA,NA,126.85,NA,NA,1.325e+09
1988-05-01,5.86918024865914,5.9847,NA,NA,NA,NA,129.13,NA,NA,1.581e+09
1988-06-01,9.87221339872291,7.8861,NA,NA,NA,NA,123.08,NA,NA,1.844e+09
1988-07-01,9.77635712212104,25.8334,NA,NA,NA,NA,120.04,NA,NA,2.047e+09
1988-08-01,9.44177429708964,9.9796,NA,NA,NA,NA,121.25,NA,NA,2.275e+09
1988-09-01,17.368685467449,24.0057,NA,NA,NA,NA,118.15,NA,NA,2.899e+09
1988-10-01,14.4420682934939,25.5949,NA,NA,NA,NA,121.04,NA,NA,3.837e+09
1988-11-01,18.2342898608051,16.2312,NA,NA,NA,NA,123.89,NA,NA,4.613e+09
1988-12-01,19.6510701925218,27.4121,NA,NA,NA,NA,123.33,NA,NA,6.944e+09
1989-01-01,44.6303020475664,7.7815,NA,NA,NA,NA,119.53,NA,NA,8469000
1989-02-01,5.433119976432,10.3918,NA,NA,NA,NA,113.01,NA,NA,8892000
1989-03-01,1.20714509252493,5.8351,NA,NA,NA,NA,106.54,NA,NA,9749000
1989-04-01,1.61207064045375,2.1997,NA,NA,NA,NA,93.21,NA,NA,14624000
1989-05-01,6.22852431432126,4.4015,NA,NA,NA,NA,85.17,NA,NA,13985000
1989-06-01,19.555000257474,37.3811,NA,NA,NA,NA,82.3,NA,NA,15872000
1989-07-01,17.8765638700303,27.0046,NA,NA,NA,NA,93.02,NA,NA,17557000
1989-08-01,31.6562765842429,38.7013,NA,NA,NA,NA,90.76,NA,NA,20412000
1989-09-01,44.9098639528287,94.9288,NA,NA,NA,NA,86.33,NA,NA,27847000
1989-10-01,54.5862763251341,138.7182,NA,NA,NA,NA,87.01,NA,NA,37921000
1989-11-01,107.842466615402,186.6088,NA,NA,NA,NA,82.58,NA,NA,53442000
1989-12-01,145.201421103116,1034.8422,NA,NA,NA,NA,79.35,NA,NA,103060000
1990-01-01,488.478010378108,971.383,NA,NA,NA,NA,80.32,NA,NA,116907000
1990-02-01,866.263179502483,3550.8565,NA,NA,NA,NA,71.47,NA,NA,224276000
1990-03-01,1354.22773195274,3.5116,NA,NA,NA,NA,66.32,NA,NA,659607000
1990-04-01,4.64788912907563,0.6476,NA,NA,NA,NA,71.27,NA,NA,894133000
1990-05-01,1.40581866627738,0.9778,NA,NA,NA,NA,74.1,NA,NA,1216242000
1990-06-01,2.79289117037885,4.6096,NA,NA,NA,NA,72.56,NA,NA,1209917000
1990-07-01,3.29784188183547,2.748,NA,NA,NA,NA,76.66,NA,NA,1209318000
1990-08-01,3.27960818001511,3.9414,NA,NA,NA,NA,75.14,NA,NA,1321417000
1990-09-01,4.02999817202532,9.5144,NA,NA,NA,NA,71.46,NA,NA,1515340000
1990-10-01,4.00368268133929,4.3446,NA,NA,NA,NA,81.02,NA,NA,1518617000
1990-11-01,5.45297952595703,15.1211,NA,NA,NA,NA,91.26,NA,NA,1810876000
1990-12-01,6.62045292526736,16.1859,NA,NA,NA,NA,96.86,NA,NA,2510247000
1991-01-01,8.60828049771553,13.2911,NA,NA,NA,NA,98.61,NA,NA,2138125000
1991-02-01,8.57967380344254,1.7924,NA,NA,NA,NA,94.15,NA,NA,3303990000
1991-03-01,2.86271279178102,2.4359,NA,NA,NA,NA,85.37,NA,NA,3454989000
1991-04-01,0.793804993521625,1.9386,NA,NA,NA,NA,87.1,NA,NA,3517605000
1991-05-01,1.36323499331788,2.171,NA,NA,NA,NA,87.79,NA,NA,3873366000
1991-06-01,2.57099105862888,2.5439,NA,NA,NA,NA,85.03,NA,NA,4400597000
1991-07-01,3.07060886207518,3.2306,NA,NA,NA,NA,83.97,NA,NA,4389224000
1991-08-01,4.71276432127938,7.1292,NA,NA,NA,NA,82.83,NA,NA,5008668000
1991-09-01,4.71276432127938,7.6604,NA,NA,NA,NA,84.37,NA,NA,6351820000
1991-10-01,8.12334641255554,32.2051,NA,NA,NA,NA,96.91,NA,NA,5974229000
1991-11-01,13.8480077843531,32.2326,NA,NA,NA,NA,99.93,NA,NA,7345239000
1991-12-01,11.8486554373357,17.9552,NA,NA,NA,NA,106.25,NA,NA,10811561000
1992-01-01,14.9207773042805,20.1677,NA,NA,NA,NA,106.19,NA,NA,10260640000
1992-02-01,12.6298795367729,22.0181,NA,NA,NA,NA,104.1,NA,NA,13816712000
1992-03-01,9.24764898181339,17.2449,NA,NA,NA,NA,104.4,NA,NA,13991466000
1992-04-01,7.85388759702764,13.5065,NA,NA,NA,NA,106.33,NA,NA,17716833000
1992-05-01,13.3575377601277,12.0856,NA,NA,NA,NA,103.07,NA,NA,20427047000
1992-06-01,8.10515127862182,12.0422,NA,NA,NA,NA,104.52,NA,NA,26258835000
1992-07-01,9.69180256615244,13.2318,NA,NA,NA,NA,106.81,NA,NA,29920022000
1992-08-01,10.0228776751584,15.7351,NA,NA,NA,NA,108.15,NA,NA,38554650000
1992-09-01,13.0433635950572,18.5953,NA,NA,NA,NA,107.69,NA,NA,47273420000
1992-10-01,13.8907546286194,19.8712,NA,NA,NA,NA,106.09,NA,NA,55606923000
1992-11-01,10.407950175282,13.0321,NA,NA,NA,NA,104.66,NA,NA,7.828e+10
1992-12-01,13.8907546286194,16.5757,NA,NA,NA,NA,103.21,NA,NA,1.04575e+11
1993-01-01,23.0620389825337,33.4662,NA,NA,NA,NA,99.28,NA,NA,1.04995e+11
1993-02-01,13.5240001249361,21.8469,NA,NA,NA,NA,100.47,NA,NA,1.44449e+11
1993-03-01,17.0427622646976,24.1127,NA,NA,NA,NA,99.5,NA,NA,1.62189e+11
1993-04-01,17.8943043054684,27.8421,NA,NA,NA,NA,101.73,NA,NA,2.25928e+11
1993-05-01,17.7880905060953,28.7156,NA,NA,NA,NA,102.95,NA,NA,2.91091e+11
1993-06-01,22.4490732311286,24.2171,NA,NA,NA,NA,102.43,NA,NA,3.43392e+11
1993-07-01,23.8945608906535,26.9941,NA,NA,NA,NA,101,NA,NA,4.52243e+11
1993-08-01,29.5247472977515,36.0105,NA,NA,NA,NA,100.79,NA,NA,564806750
1993-09-01,37.9559777926823,57.0953,NA,NA,NA,NA,101.1,NA,NA,740627000
1993-10-01,32.2770859006227,59.048,NA,NA,NA,NA,102.38,NA,NA,943178000
1993-11-01,37.5104613980941,58.8005,NA,NA,NA,NA,101.19,NA,NA,1482613000
1993-12-01,42.1078920025753,55.7191,NA,NA,NA,NA,100.32,NA,NA,2331395000
1994-01-01,62.3978830989179,88.6272,NA,NA,NA,NA,98.91,NA,NA,2788455000
1994-02-01,57.0199785458677,115.2156,NA,NA,NA,NA,100.37,NA,NA,4274863000
1994-03-01,70.6000627652848,144.4099,NA,NA,NA,NA,99.07,NA,NA,5299764000
1994-04-01,70.1798728690138,107.888,NA,NA,NA,NA,100.39,NA,NA,7731705000
1994-05-01,78.6958172049597,91.2534,NA,NA,NA,NA,100.94,NA,NA,11600945000
1994-06-01,104.446067163623,154.056,NA,NA,NA,NA,100,NA,NA,20531931750
1994-07-01,1.21210915025817,0.708,NA,NA,NA,NA,88.96,NA,NA,10687238
1994-08-01,0.247510076069336,0.555,NA,NA,NA,NA,84.38,NA,NA,12901778
1994-09-01,0.199865688044934,0.5733,NA,NA,NA,NA,80.46,NA,NA,15844246
1994-10-01,0.363905007374417,0.6476,NA,NA,NA,NA,77.62,NA,NA,16735495
1994-11-01,0.394518595381292,0.6545,NA,NA,NA,NA,74.85,NA,NA,17825475
1994-12-01,0.225642612142678,0.4986,NA,NA,NA,NA,73.31,NA,NA,22772664
1995-01-01,0.224197350053324,0.4614,NA,NA,NA,NA,72.1,NA,NA,18217441
1995-02-01,0.129505552292121,0.5628,NA,NA,NA,NA,71.63,NA,NA,19885525
1995-03-01,0.202705045487655,0.6573,NA,NA,NA,NA,76.62,NA,NA,17082321
1995-04-01,0.333908600160376,0.8543,NA,NA,NA,NA,77.91,NA,NA,17141943
1995-05-01,0.371900910288056,0.6094,NA,NA,NA,NA,74.72,NA,NA,16077908
1995-06-01,0.307583587234934,0.608,NA,NA,NA,NA,74.8,NA,NA,17621988
1995-07-01,0.323010608530128,0.604,NA,NA,NA,NA,74.47,NA,NA,17878924
1995-08-01,0.125486956926017,0.5087,NA,NA,NA,NA,73.27,NA,NA,17775620
1995-09-01,0.125486956926017,0.5037,NA,NA,NA,NA,72.93,NA,NA,19068611
1995-10-01,0.182958182438563,0.4299,NA,NA,NA,NA,73.26,NA,NA,19754622
1995-11-01,0.191384442112171,0.4191,NA,NA,NA,NA,73.97,NA,NA,21912091
1995-12-01,0.204127032667049,0.4025,NA,NA,NA,NA,71.08,NA,NA,28492903
1996-01-01,0.173196610154846,0.3393,NA,NA,NA,NA,70.32,NA,NA,23481820
1996-02-01,0.130848004136224,0.3438,NA,NA,NA,NA,70.3,NA,NA,23095259
1996-03-01,0.0428180071986151,0.2984,NA,NA,NA,NA,70.35,NA,NA,22985492
1996-04-01,0.162130974325867,0.2597,NA,NA,NA,NA,69.62,NA,NA,23276407
1996-05-01,0.156634109599371,0.2875,NA,NA,NA,NA,69.08,NA,NA,22761723
1996-06-01,0.152527113059203,0.244,NA,NA,NA,NA,68.71,NA,NA,23513221
1996-07-01,0.141640388469958,0.2336,NA,NA,NA,NA,68.74,NA,NA,23107137
1996-08-01,0.0540966873236182,0.2408,NA,NA,NA,NA,69.44,NA,NA,23477144
1996-09-01,0.0181492450119629,0.2513,NA,NA,NA,NA,69.35,NA,NA,25143255
1996-10-01,0.0365999802881301,0.2377,NA,NA,NA,NA,69.36,NA,NA,23171129
1996-11-01,0.0390831011312591,0.2513,NA,NA,NA,NA,69.94,NA,NA,24383240
1996-12-01,0.0578810244306212,0.2492,NA,NA,NA,NA,69.53,NA,NA,29807483
1997-01-01,0.151161087700131,0.2263,NA,NA,NA,NA,68.35,NA,NA,33123796
1997-02-01,0.0616778118644983,0.2534,NA,NA,NA,NA,67.35,NA,NA,36236904
1997-03-01,0.0629461808463812,0.2388,NA,NA,NA,NA,67.06,NA,NA,37448610
1997-04-01,0.110863974560763,0.211,NA,NA,NA,NA,66.56,NA,NA,36298117
1997-05-01,0.0503247634171551,0.21,NA,NA,NA,NA,67.43,NA,NA,36860743
1997-06-01,0.0667596266408768,0.209,NA,NA,NA,NA,67.4,NA,NA,37841978
1997-07-01,0.0267217941965934,0.1878,NA,NA,NA,NA,66.97,NA,NA,35906316
1997-08-01,-0.00239736175920802,0.2069,NA,NA,NA,NA,66.66,NA,NA,37775700
1997-09-01,0.00722380758421282,0.1918,NA,NA,NA,NA,67.64,NA,NA,39116753
1997-10-01,0.027951830643242,0.412,NA,NA,NA,NA,68.54,NA,NA,39284420
1997-11-01,0.0205918250055575,0.4492,NA,NA,NA,NA,68.87,NA,NA,40023882
1997-12-01,0.0528380019408186,0.4084,NA,NA,NA,NA,68.19,NA,NA,47362722
1998-01-01,0.0886070727067956,0.3479,NA,NA,NA,NA,67.51,40.5,NA,42619626
1998-02-01,0.0566181971940869,0.3369,NA,NA,NA,NA,67.94,40.35,NA,42820595
1998-03-01,0.041571673389913,0.2727,NA,NA,NA,NA,67.86,39.55,NA,41922152
1998-04-01,0.0291832177661524,0.2285,NA,NA,NA,NA,68.41,39.29,NA,42274904
1998-05-01,0.0616778118644983,0.215,NA,NA,NA,NA,68.97,39.28,NA,42502086
1998-06-01,0.00240264176079208,0.2065,NA,NA,NA,NA,68.81,38.17,NA,44060070
1998-07-01,-0.0143053391355358,0.1963,NA,NA,NA,NA,69.27,37.28,NA,43981738
1998-08-01,-0.0595121910589623,0.19,NA,NA,NA,NA,70.01,36.86,NA,44308331
1998-09-01,-0.0260828910050399,0.405,NA,NA,NA,NA,72.56,36.63,NA,43933681
1998-10-01,0.00240264176079208,0.426,NA,NA,NA,NA,74.81,36.89,NA,43031345
1998-11-01,-0.0143053391355358,0.344,NA,NA,NA,NA,74.4,36.74,NA,46117494
1998-12-01,0.0403267051542395,0.2896,NA,NA,NA,NA,75.26,35.78,NA,50707266
1999-01-01,0.0873106619155055,0.3694,NA,NA,NA,NA,93.04,44.72,NA,49957188
1999-02-01,0.133537296586903,0.39,NA,NA,NA,NA,115.55,54.93,NA,47817257
1999-03-01,0.140286196499853,0.4193,NA,NA,NA,NA,112.06,54.19,NA,45497048
1999-04-01,0.0693088867179825,0.3193,NA,NA,NA,NA,99.7,48.08,NA,44075657
1999-05-01,0.0365999802881301,0.2334,NA,NA,NA,NA,98.35,47.95,NA,44052226
1999-06-01,0.0230397754505438,0.2096,NA,NA,NA,NA,102.06,49.75,NA,45939541
1999-07-01,0.138933477132203,0.1951,NA,NA,NA,NA,102.97,48.92,NA,48011511
1999-08-01,0.0693088867179825,0.1952,NA,NA,NA,NA,108.5,52.98,NA,47508989
1999-09-01,0.0378408599618558,0.19,NA,NA,NA,NA,109.72,54.35,NA,46988943
1999-10-01,0.152527113059203,0.1883,NA,NA,NA,NA,113.32,57.08,NA,48580640
1999-11-01,0.120149216274177,0.1903,NA,NA,NA,NA,108.98,56.74,NA,51580026
1999-12-01,0.0744241677219248,0.1904,NA,NA,NA,NA,102.78,54.37,NA,62744441
2000-01-01,0.0769902108971672,0.189,NA,NA,86.2,NA,100.17,54.5,NA,56633254
2000-02-01,0.0157120247567155,0.1887,NA,NA,86,NA,97.34,53.47,NA,54038049
2000-03-01,0.0267217941965934,0.1852,NA,NA,83.8,NA,95.28,53,NA,53255346
2000-04-01,0.0515806944291164,0.1862,NA,NA,93.2,NA,96.02,53.27,NA,53668551
2000-05-01,0.00120066022004939,0.1844,NA,NA,85.8,NA,97.52,56.65,NA,52976100
2000-06-01,0.027951830643242,0.1729,NA,NA,89.3,NA,98.44,56.22,NA,54696730
2000-07-01,0.211260113850781,0.1639,NA,NA,83.3,NA,95.77,55.94,NA,57077894
2000-08-01,0.169035728038332,0.1641,NA,NA,85,NA,93.46,56.41,NA,56626345
2000-09-01,0.027951830643242,0.166,NA,NA,86.3,NA,94.05,58.42,NA,59451342
2000-10-01,0.0169299655858595,0.1659,NA,NA,88.7,NA,95.61,60.08,NA,60166406
2000-11-01,0.0390831011312591,0.164,NA,NA,82.6,NA,99.08,62.33,NA,63052800
2000-12-01,0.0731432488907429,0.1584,NA,NA,86.1,NA,101.06,63.77,NA,74352468
2001-01-01,0.0705856097792963,0.1512,NA,NA,90.2,NA,100.36,62.97,NA,66549099
2001-02-01,0.0566181971940869,0.1514,NA,NA,86.8,NA,105.96,62.92,NA,68309887
2001-03-01,0.046565215684566,0.1584,NA,NA,88.8,NA,109.46,63.02,NA,66032790
2001-04-01,0.0718637300402489,0.1628,NA,NA,87.3,NA,114.17,64.69,NA,65811791
2001-05-01,0.0503247634171551,0.168,NA,NA,85.9,NA,119.14,67.42,NA,65461974
2001-06-01,0.0642159387145589,0.1832,NA,NA,96.1,NA,121.73,68.59,NA,66395565
2001-07-01,0.171808143495833,0.1888,NA,NA,92.7,NA,124.71,70.08,NA,67328517
2001-08-01,0.0873106619155055,0.1905,NA,NA,87.6,NA,128.03,69.72,NA,67571709
2001-09-01,0.0341223000022235,0.191,NA,NA,108.7,NA,136.35,70.01,NA,68485780
2001-10-01,0.104274913828344,0.1905,NA,NA,101.8,NA,137.79,67.54,NA,67524432
2001-11-01,0.0886070727067956,0.1905,0.0557,0.1348,94.1,NA,126.16,63.76,NA,70243399
2001-12-01,0.0808498103655155,0.1905,0.0484,0.1421,97,NA,116.85,59.38,NA,83706703
2002-01-01,0.0642159387145589,0.1905,0.0476,0.1429,106,NA,111.75,60.9,NA,74672200
2002-02-01,0.0440657079419022,0.1879,0.047,0.1409,95.7,NA,111.03,60.65,0.031,73939370
2002-03-01,0.0744241677219248,0.1852,0.0494,0.1358,98.7,NA,106.76,59.36,-0.004,73216164
2002-04-01,0.100338693716146,0.1811,0.049,0.1321,91.7,NA,105.39,57.3,-0.004,74760982
2002-05-01,0.0254931070792348,0.1816,0.0437,0.1379,98.7,NA,112.89,61.16,-0.004,73786726
2002-06-01,0.0515806944291164,0.1841,0.0457,0.1384,102.3,NA,124.7,68.06,0.003,79666601
2002-07-01,0.152527113059203,0.1787,0.0508,0.1279,103.9,NA,136.62,77.46,0.005,82770745
2002-08-01,0.0808498103655155,0.1782,0.054,0.1242,116,NA,142.67,82.06,-0.015,85509912
2002-09-01,0.089904900269945,0.179,0.0628,0.1162,105.2,NA,152.25,91.46,0.011,88177292
2002-10-01,0.169035728038332,0.209,0.0894,0.1196,113.5,NA,171.03,105.84,0.009,88821343
2002-11-01,0.429086598372564,0.219,0.1247,0.0943,117.1,NA,158.26,103.56,0.001,91947479
2002-12-01,0.283243003396247,0.249,0.1324,0.1166,111.5,NA,158.7,106.77,-0.011,107845940
2003-01-01,0.306049989887568,0.2538,0.1172,0.1366,108,NA,149.36,103.33,0.006,92451476
2003-02-01,0.20555056084022,0.2628,0.1107,0.1521,100,NA,160.19,110.95,-0.001,90973223
2003-03-01,0.158006086834585,0.2632,0.099,0.1642,98.3,102.12,152.85,102.33,-0.001,87106671
2003-04-01,0.122815179047249,0.2632,0.0918,0.1714,90.9,101.13,138.14,93.36,-0.003,84500366
2003-05-01,0.0757064879261868,0.2627,0.0823,0.1804,102.6,99.71,133.03,89.67,-0.021,83333885
2003-06-01,-0.0178522400000656,0.2576,0.0708,0.1868,95.2,100.4,130.28,86.67,0.005,85625030
2003-07-01,0.0242657679454032,0.243,0.0639,0.1791,98.4,99.02,129.2,88.15,-0.01,84264307
2003-08-01,0.041571673389913,0.2183,0.0632,0.1551,94.3,99.76,132.84,93.32,0.016,84339229
2003-09-01,0.0977216967611758,0.1984,0.0656,0.1328,90.4,101.67,129.62,93.56,0.031,85383962
2003-10-01,0.0353604607534075,0.1885,0.0615,0.127,93.2,101.67,129.03,97.42,0.01,85529755
2003-11-01,0.041571673389913,0.1732,0.058,0.1152,92.4,101.98,130.76,100.82,0.011,92097337
2003-12-01,0.0642159387145589,0.1633,0.0592,0.1041,90.8,101.65,133.07,103.39,-0.018,109648388
2004-01-01,0.0951104064082937,0.1629,0.0601,0.1028,93.3,103.58,130.93,101.33,0.018,98075024
2004-02-01,0.0757064879261868,0.163,0.0574,0.1056,88.5,104.47,137.73,104.58,0.017,99538669
2004-03-01,0.0578810244306212,0.1611,0.0554,0.1057,94.4,105.98,135.51,108.23,0.006,97724807
2004-04-01,0.0453147769825524,0.158,0.056,0.102,102.3,106.61,135.1,109.1,0.007,97919725
2004-05-01,0.0629461808463812,0.1578,0.0598,0.098,91.8,106.3,142.57,117.9,0.008,101269942
2004-06-01,0.0886070727067956,0.158,0.0633,0.0947,88.6,107.31,144.1,116.92,0.002,102481343
2004-07-01,0.114834690032744,0.1582,0.0636,0.0946,88.4,107.77,139.4,109.97,0.007,103210805
2004-08-01,0.0860156664899252,0.1591,0.0627,0.0964,87.8,108.2,136.65,107.86,0.01,105790213
2004-09-01,0.0403267051542395,0.1624,0.0624,0.1,87.5,109.41,131.58,105.63,0.006,109856202
2004-10-01,0.0540966873236182,0.1674,0.0622,0.1052,84.8,108.62,130.98,106.07,-0.006,109826382
2004-11-01,0.0860156664899252,0.1721,0.063,0.1091,85.5,109.64,129.05,103.55,-0.003,113409610
2004-12-01,0.108224037644802,0.1775,0.0608,0.1167,85.5,108.9,126.88,101.35,0.013,127946401
2005-01-01,0.0718637300402489,0.1824,0.0574,0.125,88.9,109.66,124.02,101,0.003,118831622
2005-02-01,0.0731432488907429,0.1874,0.0561,0.1313,89.2,110.18,120.05,98.58,-0.016,117767461
2005-03-01,0.0757064879261868,0.1925,0.0567,0.1358,89.5,110.4,125.3,108.57,0.01,116793947
2005-04-01,0.10954328638178,0.195,0.0587,0.1363,92.3,111.16,118.26,102.01,0.001,113676146
2005-05-01,0.0604108303876956,0.1976,0.0539,0.1437,93.4,110.96,111.64,95.13,0.034,115770548
2005-06-01,-0.00239736175920802,0.1974,0.0485,0.1489,96.2,110.53,108.35,92.78,-0.019,116929052
2005-07-01,0.0304159569135067,0.1974,0.0486,0.1488,95.6,110.7,106.38,91.46,-0.008,116747519
2005-08-01,0.0205918250055575,0.1973,0.047,0.1503,94.4,111.23,106.82,92.85,0.002,116996340
2005-09-01,0.0428180071986151,0.1953,0.0474,0.1479,94,110.9,104.03,92.66,-0.011,117422647
2005-10-01,0.0938068976709838,0.1895,0.0473,0.1422,92.2,110.89,100.88,94.62,-0.005,119658744
2005-11-01,0.0680335594676484,0.1853,0.0461,0.1392,96.8,111.83,97.21,92.4,0.01,126508048
2005-12-01,0.0440657079419022,0.1805,0.0446,0.1359,87.9,112.26,100.9,100,0.02,144778165
2006-01-01,0.0731432488907429,0.1723,0.0462,0.1261,91.2,113.39,100.68,102.49,0.003,129951090
2006-02-01,0.0503247634171551,0.1729,0.044,0.1289,87.9,113.62,95.44,97.88,0.007,131135781
2006-03-01,0.0528380019408186,0.1654,0.0431,0.1223,91,113.62,95.29,94.48,-0.005,128748460
2006-04-01,0.0254931070792348,0.157,0.0406,0.1164,89.4,114.25,95.14,96.66,0.007,127513286
2006-05-01,0.0120662204957915,0.1566,0.041,0.1156,95.5,115.6,99.31,101.26,0.009,130856529
2006-06-01,-0.0249109678254573,0.1518,0.0398,0.112,96.1,114.76,102.35,101.71,-0.017,132055128
2006-07-01,0.0230397754505438,0.1466,0.0428,0.1038,91.5,116.93,100.12,101.96,0.011,133558017
2006-08-01,0.0060165275309616,0.1418,0.044,0.0978,88.7,116.53,99.2,99.94,-0.001,136342248
2006-09-01,0.0254931070792348,0.1417,0.0393,0.1024,92.9,116.87,99.14,97.63,-0.015,143060998
2006-10-01,0.0403267051542395,0.1368,0.04,0.0968,93.8,118.06,97.72,99.6,0.009,145008835
2006-11-01,0.0378408599618558,0.1318,0.0414,0.0904,88.8,118.88,98.62,104.04,0.014,151874576
2006-12-01,0.059145235035986,0.1319,0.0408,0.0911,93.2,120.01,99.29,105.06,0.011,174345295
2007-01-01,0.0540966873236182,0.1293,0.0403,0.089,88,119.69,97.85,102.48,-0.004,155629621
2007-02-01,0.0540966873236182,0.1293,0.0381,0.0912,90.1,120.21,95.85,101.96,0.012,153682285
2007-03-01,0.0453147769825524,0.1268,0.0374,0.0894,85.9,119.38,96.14,102.19,0.011,155576622
2007-04-01,0.0304159569135067,0.1243,0.0347,0.0896,89.4,121.34,94.59,100.31,0.012,156468363
2007-05-01,0.0341223000022235,0.1243,0.034,0.0903,90.5,122.29,92.5,98.65,0.003,157893243
2007-06-01,0.0341223000022235,0.1193,0.0347,0.0846,94.5,123.4,90.12,97.6,0.007,164171409
2007-07-01,0.0291832177661524,0.1143,0.0355,0.0788,89,124.31,88.84,97.07,-0.006,166890701
2007-08-01,0.0578810244306212,0.1143,0.0383,0.076,97.3,124.29,92.25,99.74,0.018,170027080
2007-09-01,0.021815128251309,0.1118,0.0375,0.0743,96,125.25,89.92,100.28,-0.012,174810353
2007-10-01,0.0365999802881301,0.1118,0.0371,0.0747,92.6,126.16,86.17,98.48,0.029,178095836
2007-11-01,0.046565215684566,0.1118,0.0385,0.0733,93.1,126.19,86.19,98.41,-0.012,187792507
2007-12-01,0.0925048113427391,0.1118,0.0445,0.0673,94,126.97,86.66,100.17,0.004,231429799
2008-01-01,0.0667596266408768,0.1118,0.0444,0.0674,99.6,127.19,86.19,104.42,0.018,190279086
2008-02-01,0.0604108303876956,0.1118,0.0428,0.069,93.6,126.8,85.36,110.9,-0.005,184056916
2008-03-01,0.059145235035986,0.1118,0.0436,0.0682,92.9,126.41,86.32,112.95,0.003,183845861
2008-04-01,0.0680335594676484,0.1161,0.0456,0.0705,91.3,127.78,85.97,112.95,-0.001,186799466
2008-05-01,0.0990294812054378,0.1164,0.0508,0.0656,91.3,129.5,84.12,112.52,0.007,183251480
2008-06-01,0.0925048113427391,0.1217,0.056,0.0657,94.8,131.08,82.11,113.22,0.018,186219640
2008-07-01,0.0654870868514921,0.1292,0.0549,0.0743,93.3,130.9,81.06,111.54,0.003,185866821
2008-08-01,0.0341223000022235,0.1292,0.0516,0.0776,90.1,131.02,80.55,105.26,-0.013,186652793
2008-09-01,0.0316500494346978,0.1366,0.0501,0.0865,97.8,130.82,87.61,110.52,0.012,194785375
2008-10-01,0.0553567519501019,0.1365,0.054,0.0825,126.8,128.13,100.24,109.94,-0.024,189663409
2008-11-01,0.0440657079419022,0.1365,0.0545,0.082,121.4,124.96,100.66,103.55,-0.063,199544449
2008-12-01,0.0341223000022235,0.1367,0.0493,0.0874,113.1,121.02,107.19,102.64,-0.112,223439938
2009-01-01,0.059145235035986,0.1266,0.047,0.0796,114,120.84,101.33,102.25,0.023,196088428
2009-02-01,0.0680335594676484,0.1266,0.0457,0.0809,114.6,122.24,99.54,98.72,0.022,194352675
2009-03-01,0.0242657679454032,0.1116,0.0414,0.0702,118.5,123.01,97.4,97.28,0.005,192267830
2009-04-01,0.059145235035986,0.1016,0.0421,0.0595,111.5,123.63,95.38,97.36,0.014,194452270
2009-05-01,0.0578810244306212,0.1016,0.0414,0.0602,108.6,124.85,89.91,97.83,0.012,195756457
2009-06-01,0.0440657079419022,0.0916,0.0406,0.051,111.9,125.87,87.38,94.38,0.014,202225477
2009-07-01,0.0291832177661524,0.0865,0.0409,0.0456,107.2,126.3,86.38,93.3,0.014,198240019
2009-08-01,0.0181492450119629,0.0865,0.0397,0.0468,105.5,128.02,82.86,94.8,0.013,202573931
2009-09-01,0.0291832177661524,0.0865,0.0419,0.0446,102.9,129.12,82.13,92.91,0.016,208270145
2009-10-01,0.0341223000022235,0.0865,0.0432,0.0433,100.8,129.8,79.15,92.63,0.021,209048065
2009-11-01,0.0503247634171551,0.0865,0.0435,0.043,97.6,130.02,79.27,95.06,0.015,220454797
2009-12-01,0.0453147769825524,0.0865,0.044,0.0425,93.9,131.26,79.87,99.32,0.001,250234275
2010-01-01,0.0938068976709838,0.0865,0.0468,0.0397,95.1,133.47,79.59,104.3,0.016,227474986
2010-02-01,0.0977216967611758,0.0865,0.0466,0.0399,96.4,135.23,81.53,104.98,-0.003,225059838
2010-03-01,0.0642159387145589,0.0865,0.047,0.0395,92.9,136.54,78.75,98.57,0.026,229296811
2010-04-01,0.0705856097792963,0.094,0.0486,0.0454,90.2,137.15,77.18,97.54,0.001,228663254
2010-05-01,0.0528380019408186,0.0939,0.0488,0.0451,98.5,136.49,77.66,95.55,-0.002,231206160
2010-06-01,0,0.1016,0.0474,0.0542,94.7,136.19,76.4,93.62,-0.005,234716609
2010-07-01,0.00120066022004939,0.1066,0.0482,0.0584,93.8,136.86,76.44,95.15,-0.006,235838143
2010-08-01,0.0048105740926796,0.1066,0.0498,0.0568,91.3,137.69,76.82,101.02,-0.004,242749100
2010-09-01,0.0553567519501019,0.1066,0.0531,0.0535,94.2,139.28,75.57,106.02,0.003,248741593
2010-10-01,0.0938068976709838,0.1066,0.0542,0.0524,89.7,138.86,75.18,111.33,-0.003,249713851
2010-11-01,0.104274913828344,0.1066,0.0561,0.0505,93.5,140.09,75.74,119.42,0.007,259165378
2010-12-01,0.0782753380297514,0.1067,0.0552,0.0515,89.4,138.46,73.74,124.77,0.006,281875897
2011-01-01,0.104274913828344,0.1117,0.0567,0.055,91.3,140.17,73.19,130.91,0.001,257275149
2011-02-01,0.100338693716146,0.1117,0.0561,0.0556,92.5,140.66,74.67,138.98,0.014,254054580
2011-03-01,0.0990294812054378,0.1167,0.0561,0.0606,91.1,141.15,74.77,137.43,0.006,251848862
2011-04-01,0.0964153389671201,0.1192,0.056,0.0632,91.7,140.96,72.21,132.2,-0.027,248312352
2011-05-01,0.0578810244306212,0.1192,0.0517,0.0675,91.8,141.2,73.42,124.55,0.029,249576430
2011-06-01,0.0181492450119629,0.1217,0.0502,0.0715,97.9,142.12,72.38,122.2,-0.02,253840238
2011-07-01,0.0193698643723528,0.1242,0.0535,0.0707,98.1,142.23,71.76,120.4,0.002,252615159
2011-08-01,0.0453147769825524,0.1241,0.0547,0.0694,119.2,141.91,73.43,121.3,-0.009,248390557
2011-09-01,0.0654870868514921,0.119,0.058,0.061,112.5,141.79,78.12,130.73,-0.021,255032624
2011-10-01,0.0528380019408186,0.114,0.0556,0.0584,109.6,141.7,78.22,126.74,-0.008,252814003
2011-11-01,0.0642159387145589,0.114,0.0553,0.0587,108.6,142.27,78.06,125.01,0.007,261199615
2011-12-01,0.0616778118644983,0.1091,0.0535,0.0556,109.2,140.42,79.39,124.34,0.024,285376902
2012-01-01,0.0693088867179825,0.104,0.053,0.051,107.6,138.84,76.75,125.05,-0.044,259833394
2012-02-01,0.0553567519501019,0.104,0.0526,0.0514,102.5,140.4,75.45,121.35,0.012,256909110
2012-03-01,0.0254931070792348,0.0965,0.0543,0.0422,98.3,139.94,79,124.59,-0.008,257522989
2012-04-01,0.0795618707200734,0.089,0.0557,0.0333,100.1,141.18,81.1,125.32,0.002,258844775
2012-05-01,0.0440657079419022,0.0839,0.0552,0.0287,103.4,142.55,85.53,127.16,0.003,259530056
2012-06-01,0.00964235284301074,0.084,0.0538,0.0302,108.6,143.56,87,125.37,0.001,265317011
2012-07-01,0.0528380019408186,0.0789,0.0558,0.0231,108.9,143.92,85.92,135.17,0.015,265535664
2012-08-01,0.0503247634171551,0.0739,0.0568,0.0171,101.9,144.35,86.89,135.05,0.024,267208637
2012-09-01,0.0705856097792963,0.0739,0.0564,0.0175,100,143.61,87.63,135.45,-0.021,274835293
2012-10-01,0.0731432488907429,0.0714,0.0547,0.0167,96.5,144.95,87.34,134.49,0.016,273105295
2012-11-01,0.0744241677219248,0.0714,0.0536,0.0178,94.7,144.63,87.99,135.41,-0.016,288090912
2012-12-01,0.0990294812054378,0.0729,0.0563,0.0166,96.7,144.21,88.5,137.4,0.007,325045422
2013-01-01,0.108224037644802,0.0711,0.057,0.0141,96.8,144.87,86,135.46,0.008,287515564
2013-02-01,0.0744241677219248,0.072,0.055,0.017,94.3,143.85,83.58,131.44,-0.025,287025459
2013-03-01,0.0578810244306212,0.0716,0.0553,0.0163,95.1,144.91,82.97,129.05,0.017,293276608
2013-04-01,0.0680335594676484,0.074,0.0556,0.0184,96.1,146.17,83.3,126.56,0.016,287763134
2013-05-01,0.0453147769825524,0.079,0.0562,0.0228,95.2,146.93,84.33,127.26,-0.002,293594788
2013-06-01,0.0316500494346978,0.079,0.0574,0.0216,105.4,146.19,90.18,134.06,0.006,300251536
2013-07-01,0.00360594594401098,0.084,0.0566,0.0274,104.6,146.97,93.45,137.1,-0.008,294992118
2013-08-01,0.0291832177661524,0.089,0.0606,0.0284,98.4,147.1,98.06,142.27,0.006,298262492
2013-09-01,0.0428180071986151,0.089,0.0616,0.0274,100.1,148.24,94.79,138.26,0.006,301268767
2013-10-01,0.0705856097792963,0.094,0.0625,0.0315,96.4,148.29,91.47,134.56,-0.01,297832161
2013-11-01,0.0667596266408768,0.099,0.0614,0.0376,92.2,148.42,94.71,138.24,0.003,314867661
2013-12-01,0.116161150269126,0.099,0.0611,0.0379,89.6,148.81,95.87,141.69,-0.04,344507915
2014-01-01,0.0680335594676484,0.104,0.0602,0.0438,93.8,148.21,95.6,143.73,0.019,313131662
2014-02-01,0.0860156664899252,0.1065,0.0617,0.0448,97.4,147.79,94.72,149.87,0.005,316246296
2014-03-01,0.116161150269126,0.1065,0.0642,0.0423,98.2,147.78,91.68,151.9,-0.003,309930414
2014-04-01,0.0834299161175449,0.109,0.0622,0.0468,100.4,146.9,87.63,148.06,-0.008,309226880
2014-05-01,0.0566181971940869,0.109,0.0603,0.0487,90.7,146.23,86.9,145.16,-0.014,303690454
2014-06-01,0.0490702075348057,0.109,0.0601,0.0489,100.3,143.6,87.05,142.97,-0.024,305835044
2014-07-01,0.00120066022004939,0.109,0.0595,0.0495,94.3,144.62,87.49,140.32,0.021,302284860
2014-08-01,0.0304159569135067,0.109,0.0615,0.0475,102.1,145.75,88.77,138.44,0.01,306457271
2014-09-01,0.0705856097792963,0.109,0.0633,0.0457,102.3,146.12,89.59,139.83,0,313958669
2014-10-01,0.0515806944291164,0.1115,0.0641,0.0474,103.8,145.67,92.87,146.85,0.006,312803318
2014-11-01,0.0629461808463812,0.1115,0.0656,0.0459,103.1,145.74,94.97,151.32,-0.013,326330250
2014-12-01,0.0977216967611758,0.1165,0.0673,0.0492,104.9,146.43,96.66,149.44,-0.033,351602954
2015-01-01,0.159379555717734,0.1215,0.0697,0.0518,104.7,145.13,93.33,141.76,0.006,321695497
2015-02-01,0.156634109599371,0.1215,0.0688,0.0527,99.8,144.21,98.7,148.81,-0.007,318950030
2015-03-01,0.170421183285667,0.1265,0.0701,0.0564,110.8,143.8,107.01,160.54,-0.003,315360204
2015-04-01,0.0886070727067956,0.1315,0.0617,0.0698,111.3,142.38,103.69,157.11,-0.019,306875977
2015-05-01,0.0925048113427391,0.1315,0.0611,0.0704,110.7,141.16,104.16,158.3,-0.01,305872981
2015-06-01,0.0990294812054378,0.1365,0.0638,0.0727,116.3,139.84,105.09,158.28,-0.01,305973492
2015-07-01,0.0769902108971672,0.1415,0.0598,0.0817,125.9,138.94,108.4,162.67,-0.016,299397332
2015-08-01,0.0267217941965934,0.1415,0.0566,0.0849,131.9,139.21,117.68,169.87,0.007,297343836
2015-09-01,0.0667596266408768,0.1415,0.0615,0.08,132.6,138.05,129.36,186.75,-0.023,295810781
2015-10-01,0.102961408608194,0.1415,0.0672,0.0743,123.1,138.95,127.45,189.34,-0.002,299192775
2015-11-01,0.128164561439235,0.1415,0.0716,0.0699,114.9,137.05,121.95,179.18,-0.019,311288444
2015-12-01,0.121481471492246,0.1415,0.0719,0.0696,116.7,136.5,122.14,181.47,-0.02,334417293
2016-01-01,0.163508927003142,0.1415,0.0729,0.0686,117.4,136.21,122.41,186.87,0.014,309171081
2016-02-01,0.113509674956668,0.1415,0.0701,0.0714,120.2,135.81,120.2,184.11,-0.014,306535292
2016-03-01,0.0528380019408186,0.1415,0.0652,0.0763,126.3,134.54,112.7,176,0.007,300106316
2016-04-01,0.0757064879261868,0.1415,0.0621,0.0794,130.5,134.73,110.03,170.56,0.001,302381496
2016-05-01,0.0977216967611758,0.1415,0.0617,0.0798,126.5,134.63,108.66,173.06,0.006,299807068
2016-06-01,0.0428180071986151,0.1415,0.0601,0.0814,127.7,135.07,104.86,173.09,-0.009,300911459
2016-07-01,0.0642159387145589,0.1415,0.057,0.0845,128.5,134.67,99.57,163.2,0.007,299911069
2016-08-01,0.0540966873236182,0.1415,0.0544,0.0871,116.8,134.11,98.18,158.96,-0.025,298618296
2016-09-01,0.00964235284301074,0.1415,0.0507,0.0908,113.3,134.38,99.09,161.88,0.012,307800158
2016-10-01,0.0316500494346978,0.139,0.0487,0.0903,113.3,133.78,95.94,162.04,-0.015,308519375
2016-11-01,0.021815128251309,0.139,0.048,0.091,117.7,133.82,98.83,172.03,0.007,317699479
2016-12-01,0.0365999802881301,0.1365,0.0469,0.0896,125.5,132.85,97.62,171.83,0.018,347811393
2017-01-01,0.046565215684566,0.129,0.0471,0.0819,118.6,134.07,92.97,169.88,0.008,312239897
2017-02-01,0.0403267051542395,0.1215,0.0453,0.0762,111.9,136.32,91.46,165.86,0.012,318903157
2017-03-01,0.0304159569135067,0.1215,0.0445,0.077,115.2,135.91,92.14,156.07,-0.023,309000189
2017-04-01,0.0169299655858595,0.1115,0.0445,0.067,111.8,135.95,93.24,156.15,0.011,311203957
2017-05-01,0.0378408599618558,0.1115,0.0464,0.0651,119.2,135.45,95.61,160.04,0.005,309454411
2017-06-01,-0.0272535229387094,0.1015,0.0412,0.0603,129.9,136.05,99.2,159.74,0.009,316224758
2017-07-01,0.0291832177661524,0.0915,0.0447,0.0468,125.4,136.45,97.46,157.57,0.006,316196010
2017-08-01,0.0230397754505438,0.0915,0.0437,0.0478,121.3,135.93,97.34,154.23,-0.005,311592786
2017-09-01,0.0193698643723528,0.0815,0.0389,0.0426,112.8,136.33,97.5,157.54,0.005,316678652
2017-10-01,0.0515806944291164,0.074,0.0414,0.0326,105.6,136.7,97.89,162.52,0,315989753
2017-11-01,0.0341223000022235,0.074,0.0399,0.0341,107.1,137.19,99.85,171.15,0.007,327996959
2017-12-01,0.0540966873236182,0.069,0.038,0.031,107.4,138.72,101.27,NA,0.029,363025897
2018-01-01,0.0353604607534075,0.069,0.0398,0.0292,109.6,137.82,99.59,NA,-0.022,326184961
2018-02-01,0.0390831011312591,0.0665,0.0394,0.0271,102.5,137.95,101.88,NA,0.002,326539530
2018-03-01,0.0108536207052365,0.064,NA,NA,NA,NA,NA,NA,NA,NA
2018-04-01,NA,0.064,NA,NA,NA,NA,NA,NA,NA,NA
