"date","output_gap","inflation","nominal_interest_rate","exp_inflation","real_interest_rate","uncertainty","ibcbr","real_ex_rate","commodity_index","ind_prod","nominal_exports","nominal_imports","nominal_change_invent","nominal_gross_fixed_cap_form","nominal_gdp","real_gdp","hh_cons_exp","gov_cons_exp","gdp_deflator","rgdp_growth_prev_year","rgdp_growth","q1","q2","q3","q4"
1960-01-01,NA,NA,NA,NA,NA,NA,NA,NA,NA,NA,NA,NA,NA,NA,NA,NA,NA,NA,NA,NA,NA,1,0,0,0
1960-04-01,NA,NA,NA,NA,NA,NA,NA,NA,NA,NA,NA,NA,NA,NA,NA,NA,NA,NA,NA,NA,NA,0,1,0,0
1960-07-01,NA,NA,NA,NA,NA,NA,NA,NA,NA,NA,NA,NA,NA,NA,NA,NA,NA,NA,NA,NA,NA,0,0,1,0
1960-10-01,NA,NA,NA,NA,NA,NA,NA,NA,NA,NA,NA,NA,NA,NA,NA,NA,NA,NA,NA,NA,NA,0,0,0,1
1961-01-01,NA,NA,NA,NA,NA,NA,NA,NA,NA,NA,NA,NA,NA,NA,NA,NA,NA,NA,NA,NA,NA,1,0,0,0
1961-04-01,NA,NA,NA,NA,NA,NA,NA,NA,NA,NA,NA,NA,NA,NA,NA,NA,NA,NA,NA,NA,NA,0,1,0,0
1961-07-01,NA,NA,NA,NA,NA,NA,NA,NA,NA,NA,NA,NA,NA,NA,NA,NA,NA,NA,NA,NA,NA,0,0,1,0
1961-10-01,NA,NA,NA,NA,NA,NA,NA,NA,NA,NA,NA,NA,NA,NA,NA,NA,NA,NA,NA,NA,NA,0,0,0,1
1962-01-01,NA,NA,NA,NA,NA,NA,NA,NA,NA,NA,NA,NA,NA,NA,NA,NA,NA,NA,NA,NA,NA,1,0,0,0
1962-04-01,NA,NA,NA,NA,NA,NA,NA,NA,NA,NA,NA,NA,NA,NA,NA,NA,NA,NA,NA,NA,NA,0,1,0,0
1962-07-01,NA,NA,NA,NA,NA,NA,NA,NA,NA,NA,NA,NA,NA,NA,NA,NA,NA,NA,NA,NA,NA,0,0,1,0
1962-10-01,NA,NA,NA,NA,NA,NA,NA,NA,NA,NA,NA,NA,NA,NA,NA,NA,NA,NA,NA,NA,NA,0,0,0,1
1963-01-01,NA,NA,NA,NA,NA,NA,NA,NA,NA,NA,NA,NA,NA,NA,NA,NA,NA,NA,NA,NA,NA,1,0,0,0
1963-04-01,NA,NA,NA,NA,NA,NA,NA,NA,NA,NA,NA,NA,NA,NA,NA,NA,NA,NA,NA,NA,NA,0,1,0,0
1963-07-01,NA,NA,NA,NA,NA,NA,NA,NA,NA,NA,NA,NA,NA,NA,NA,NA,NA,NA,NA,NA,NA,0,0,1,0
1963-10-01,NA,NA,NA,NA,NA,NA,NA,NA,NA,NA,NA,NA,NA,NA,NA,NA,NA,NA,NA,NA,NA,0,0,0,1
1964-01-01,NA,NA,NA,NA,NA,NA,NA,NA,NA,NA,NA,NA,NA,NA,NA,NA,NA,NA,NA,NA,NA,1,0,0,0
1964-04-01,NA,NA,NA,NA,NA,NA,NA,NA,NA,NA,NA,NA,NA,NA,NA,NA,NA,NA,NA,NA,NA,0,1,0,0
1964-07-01,NA,NA,NA,NA,NA,NA,NA,NA,NA,NA,NA,NA,NA,NA,NA,NA,NA,NA,NA,NA,NA,0,0,1,0
1964-10-01,NA,NA,NA,NA,NA,NA,NA,NA,NA,NA,NA,NA,NA,NA,NA,NA,NA,NA,NA,NA,NA,0,0,0,1
1965-01-01,NA,NA,NA,NA,NA,NA,NA,NA,NA,NA,NA,NA,NA,NA,NA,NA,NA,NA,NA,NA,NA,1,0,0,0
1965-04-01,NA,NA,NA,NA,NA,NA,NA,NA,NA,NA,NA,NA,NA,NA,NA,NA,NA,NA,NA,NA,NA,0,1,0,0
1965-07-01,NA,NA,NA,NA,NA,NA,NA,NA,NA,NA,NA,NA,NA,NA,NA,NA,NA,NA,NA,NA,NA,0,0,1,0
1965-10-01,NA,NA,NA,NA,NA,NA,NA,NA,NA,NA,NA,NA,NA,NA,NA,NA,NA,NA,NA,NA,NA,0,0,0,1
1966-01-01,NA,NA,NA,NA,NA,NA,NA,NA,NA,NA,NA,NA,NA,NA,NA,NA,NA,NA,NA,NA,NA,1,0,0,0
1966-04-01,NA,NA,NA,NA,NA,NA,NA,NA,NA,NA,NA,NA,NA,NA,NA,NA,NA,NA,NA,NA,NA,0,1,0,0
1966-07-01,NA,NA,NA,NA,NA,NA,NA,NA,NA,NA,NA,NA,NA,NA,NA,NA,NA,NA,NA,NA,NA,0,0,1,0
1966-10-01,NA,NA,NA,NA,NA,NA,NA,NA,NA,NA,NA,NA,NA,NA,NA,NA,NA,NA,NA,NA,NA,0,0,0,1
1967-01-01,NA,NA,NA,NA,NA,NA,NA,NA,NA,NA,NA,NA,NA,NA,NA,NA,NA,NA,NA,NA,NA,1,0,0,0
1967-04-01,NA,NA,NA,NA,NA,NA,NA,NA,NA,NA,NA,NA,NA,NA,NA,NA,NA,NA,NA,NA,NA,0,1,0,0
1967-07-01,NA,NA,NA,NA,NA,NA,NA,NA,NA,NA,NA,NA,NA,NA,NA,NA,NA,NA,NA,NA,NA,0,0,1,0
1967-10-01,NA,NA,NA,NA,NA,NA,NA,NA,NA,NA,NA,NA,NA,NA,NA,NA,NA,NA,NA,NA,NA,0,0,0,1
1968-01-01,NA,NA,NA,NA,NA,NA,NA,NA,NA,NA,NA,NA,NA,NA,NA,NA,NA,NA,NA,NA,NA,1,0,0,0
1968-04-01,NA,NA,NA,NA,NA,NA,NA,NA,NA,NA,NA,NA,NA,NA,NA,NA,NA,NA,NA,NA,NA,0,1,0,0
1968-07-01,NA,NA,NA,NA,NA,NA,NA,NA,NA,NA,NA,NA,NA,NA,NA,NA,NA,NA,NA,NA,NA,0,0,1,0
1968-10-01,NA,NA,NA,NA,NA,NA,NA,NA,NA,NA,NA,NA,NA,NA,NA,NA,NA,NA,NA,NA,NA,0,0,0,1
1969-01-01,NA,NA,NA,NA,NA,NA,NA,NA,NA,NA,NA,NA,NA,NA,NA,NA,NA,NA,NA,NA,NA,1,0,0,0
1969-04-01,NA,NA,NA,NA,NA,NA,NA,NA,NA,NA,NA,NA,NA,NA,NA,NA,NA,NA,NA,NA,NA,0,1,0,0
1969-07-01,NA,NA,NA,NA,NA,NA,NA,NA,NA,NA,NA,NA,NA,NA,NA,NA,NA,NA,NA,NA,NA,0,0,1,0
1969-10-01,NA,NA,NA,NA,NA,NA,NA,NA,NA,NA,NA,NA,NA,NA,NA,NA,NA,NA,NA,NA,NA,0,0,0,1
1970-01-01,NA,NA,NA,NA,NA,NA,NA,NA,NA,NA,NA,NA,NA,NA,NA,NA,NA,NA,NA,NA,NA,1,0,0,0
1970-04-01,NA,NA,NA,NA,NA,NA,NA,NA,NA,NA,NA,NA,NA,NA,NA,NA,NA,NA,NA,NA,NA,0,1,0,0
1970-07-01,NA,NA,NA,NA,NA,NA,NA,NA,NA,NA,NA,NA,NA,NA,NA,NA,NA,NA,NA,NA,NA,0,0,1,0
1970-10-01,NA,NA,NA,NA,NA,NA,NA,NA,NA,NA,NA,NA,NA,NA,NA,NA,NA,NA,NA,NA,NA,0,0,0,1
1971-01-01,NA,NA,NA,NA,NA,NA,NA,NA,NA,NA,NA,NA,NA,NA,NA,NA,NA,NA,NA,NA,NA,1,0,0,0
1971-04-01,NA,NA,NA,NA,NA,NA,NA,NA,NA,NA,NA,NA,NA,NA,NA,NA,NA,NA,NA,NA,NA,0,1,0,0
1971-07-01,NA,NA,NA,NA,NA,NA,NA,NA,NA,NA,NA,NA,NA,NA,NA,NA,NA,NA,NA,NA,NA,0,0,1,0
1971-10-01,NA,NA,NA,NA,NA,NA,NA,NA,NA,NA,NA,NA,NA,NA,NA,NA,NA,NA,NA,NA,NA,0,0,0,1
1972-01-01,NA,NA,NA,NA,NA,NA,NA,NA,NA,NA,NA,NA,NA,NA,NA,NA,NA,NA,NA,NA,NA,1,0,0,0
1972-04-01,NA,NA,NA,NA,NA,NA,NA,NA,NA,NA,NA,NA,NA,NA,NA,NA,NA,NA,NA,NA,NA,0,1,0,0
1972-07-01,NA,NA,NA,NA,NA,NA,NA,NA,NA,NA,NA,NA,NA,NA,NA,NA,NA,NA,NA,NA,NA,0,0,1,0
1972-10-01,NA,NA,NA,NA,NA,NA,NA,NA,NA,NA,NA,NA,NA,NA,NA,NA,NA,NA,NA,NA,NA,0,0,0,1
1973-01-01,NA,NA,NA,NA,NA,NA,NA,NA,NA,NA,NA,NA,NA,NA,NA,NA,NA,NA,NA,NA,NA,1,0,0,0
1973-04-01,NA,NA,NA,NA,NA,NA,NA,NA,NA,NA,NA,NA,NA,NA,NA,NA,NA,NA,NA,NA,NA,0,1,0,0
1973-07-01,NA,NA,NA,NA,NA,NA,NA,NA,NA,NA,NA,NA,NA,NA,NA,NA,NA,NA,NA,NA,NA,0,0,1,0
1973-10-01,NA,NA,NA,NA,NA,NA,NA,NA,NA,NA,NA,NA,NA,NA,NA,NA,NA,NA,NA,NA,NA,0,0,0,1
1974-01-01,NA,NA,NA,NA,NA,NA,NA,NA,NA,NA,NA,NA,NA,NA,NA,NA,NA,NA,NA,NA,NA,1,0,0,0
1974-04-01,NA,NA,NA,NA,NA,NA,NA,NA,NA,NA,NA,NA,NA,NA,NA,NA,NA,NA,NA,NA,NA,0,1,0,0
1974-07-01,NA,NA,NA,NA,NA,NA,NA,NA,NA,NA,NA,NA,NA,NA,NA,NA,NA,NA,NA,NA,NA,0,0,1,0
1974-10-01,NA,NA,NA,NA,NA,NA,NA,NA,NA,NA,NA,NA,NA,NA,NA,NA,NA,NA,NA,NA,NA,0,0,0,1
1975-01-01,NA,NA,NA,NA,NA,NA,NA,NA,NA,NA,NA,NA,NA,NA,NA,NA,NA,NA,NA,NA,NA,1,0,0,0
1975-04-01,NA,NA,NA,NA,NA,NA,NA,NA,NA,NA,NA,NA,NA,NA,NA,NA,NA,NA,NA,NA,NA,0,1,0,0
1975-07-01,NA,NA,NA,NA,NA,NA,NA,NA,NA,NA,NA,NA,NA,NA,NA,NA,NA,NA,NA,NA,NA,0,0,1,0
1975-10-01,NA,NA,NA,NA,NA,NA,NA,NA,NA,NA,NA,NA,NA,NA,NA,NA,NA,NA,NA,NA,NA,0,0,0,1
1976-01-01,NA,NA,NA,NA,NA,NA,NA,NA,NA,NA,NA,NA,NA,NA,NA,NA,NA,NA,NA,NA,NA,1,0,0,0
1976-04-01,NA,NA,NA,NA,NA,NA,NA,NA,NA,NA,NA,NA,NA,NA,NA,NA,NA,NA,NA,NA,NA,0,1,0,0
1976-07-01,NA,NA,NA,NA,NA,NA,NA,NA,NA,NA,NA,NA,NA,NA,NA,NA,NA,NA,NA,NA,NA,0,0,1,0
1976-10-01,NA,NA,NA,NA,NA,NA,NA,NA,NA,NA,NA,NA,NA,NA,NA,NA,NA,NA,NA,NA,NA,0,0,0,1
1977-01-01,NA,NA,NA,NA,NA,NA,NA,NA,NA,NA,NA,NA,NA,NA,NA,NA,NA,NA,NA,NA,NA,1,0,0,0
1977-04-01,NA,NA,NA,NA,NA,NA,NA,NA,NA,NA,NA,NA,NA,NA,NA,NA,NA,NA,NA,NA,NA,0,1,0,0
1977-07-01,NA,NA,NA,NA,NA,NA,NA,NA,NA,NA,NA,NA,NA,NA,NA,NA,NA,NA,NA,NA,NA,0,0,1,0
1977-10-01,NA,NA,NA,NA,NA,NA,NA,NA,NA,NA,NA,NA,NA,NA,NA,NA,NA,NA,NA,NA,NA,0,0,0,1
1978-01-01,NA,NA,NA,NA,NA,NA,NA,NA,NA,NA,NA,NA,NA,NA,NA,NA,NA,NA,NA,NA,NA,1,0,0,0
1978-04-01,NA,NA,NA,NA,NA,NA,NA,NA,NA,NA,NA,NA,NA,NA,NA,NA,NA,NA,NA,NA,NA,0,1,0,0
1978-07-01,NA,NA,NA,NA,NA,NA,NA,NA,NA,NA,NA,NA,NA,NA,NA,NA,NA,NA,NA,NA,NA,0,0,1,0
1978-10-01,NA,NA,NA,NA,NA,NA,NA,NA,NA,NA,NA,NA,NA,NA,NA,NA,NA,NA,NA,NA,NA,0,0,0,1
1979-01-01,NA,NA,NA,NA,NA,NA,NA,NA,NA,NA,NA,NA,NA,NA,NA,NA,NA,NA,NA,NA,NA,1,0,0,0
1979-04-01,NA,NA,NA,NA,NA,NA,NA,NA,NA,NA,NA,NA,NA,NA,NA,NA,NA,NA,NA,NA,NA,0,1,0,0
1979-07-01,NA,NA,NA,NA,NA,NA,NA,NA,NA,NA,NA,NA,NA,NA,NA,NA,NA,NA,NA,NA,NA,0,0,1,0
1979-10-01,NA,NA,NA,NA,NA,NA,NA,NA,NA,NA,NA,NA,NA,NA,NA,NA,NA,NA,NA,NA,NA,0,0,0,1
1980-01-01,NA,0.957457996986652,NA,NA,NA,NA,NA,NA,NA,NA,NA,NA,NA,NA,NA,NA,NA,NA,NA,NA,NA,1,0,0,0
1980-04-01,NA,0.886804498635425,NA,NA,NA,NA,NA,NA,NA,NA,NA,NA,NA,NA,NA,NA,NA,NA,NA,NA,NA,0,1,0,0
1980-07-01,NA,0.777189232532479,NA,NA,NA,NA,NA,NA,NA,NA,NA,NA,NA,NA,NA,NA,NA,NA,NA,NA,NA,0,0,1,0
1980-10-01,NA,1.40270310000472,NA,NA,NA,NA,NA,NA,NA,NA,NA,NA,NA,NA,NA,NA,NA,NA,NA,NA,NA,0,0,0,1
1981-01-01,NA,1.02750912767047,NA,NA,NA,NA,NA,NA,NA,NA,NA,NA,NA,NA,NA,NA,NA,NA,NA,NA,NA,1,0,0,0
1981-04-01,NA,0.977345244213228,NA,NA,NA,NA,NA,NA,NA,NA,NA,NA,NA,NA,NA,NA,NA,NA,NA,NA,NA,0,1,0,0
1981-07-01,NA,0.938842573824422,NA,NA,NA,NA,NA,NA,NA,NA,NA,NA,NA,NA,NA,NA,NA,NA,NA,NA,NA,0,0,1,0
1981-10-01,NA,0.885274690900479,NA,NA,NA,NA,NA,NA,NA,NA,NA,NA,NA,NA,NA,NA,NA,NA,NA,NA,NA,0,0,0,1
1982-01-01,NA,1.114427605176,NA,NA,NA,NA,NA,NA,NA,NA,NA,NA,NA,NA,NA,NA,NA,NA,NA,NA,NA,1,0,0,0
1982-04-01,NA,1.14083893179794,NA,NA,NA,NA,NA,NA,NA,NA,NA,NA,NA,NA,NA,NA,NA,NA,NA,NA,NA,0,1,0,0
1982-07-01,NA,0.96754787447929,NA,NA,NA,NA,NA,NA,NA,NA,NA,NA,NA,NA,NA,NA,NA,NA,NA,NA,NA,0,0,1,0
1982-10-01,NA,0.975386764179875,NA,NA,NA,NA,NA,NA,NA,NA,NA,NA,NA,NA,NA,NA,NA,NA,NA,NA,NA,0,0,0,1
1983-01-01,NA,1.50292049988993,NA,NA,NA,NA,NA,NA,NA,NA,NA,NA,NA,NA,NA,NA,NA,NA,NA,NA,NA,1,0,0,0
1983-04-01,NA,1.41796291948193,NA,NA,NA,NA,NA,NA,NA,NA,NA,NA,NA,NA,NA,NA,NA,NA,NA,NA,NA,0,1,0,0
1983-07-01,NA,2.08030667116489,NA,NA,NA,NA,NA,NA,NA,NA,NA,NA,NA,NA,NA,NA,NA,NA,NA,NA,NA,0,0,1,0
1983-10-01,NA,1.60570357712262,NA,NA,NA,NA,NA,NA,NA,NA,NA,NA,NA,NA,NA,NA,NA,NA,NA,NA,NA,0,0,0,1
1984-01-01,NA,1.92925604162414,NA,NA,NA,NA,NA,NA,NA,NA,NA,NA,NA,NA,NA,NA,NA,NA,NA,NA,NA,1,0,0,0
1984-04-01,NA,1.98969792208536,NA,NA,NA,NA,NA,NA,NA,NA,NA,NA,NA,NA,NA,NA,NA,NA,NA,NA,NA,0,1,0,0
1984-07-01,NA,2.23153208625767,NA,NA,NA,NA,NA,NA,NA,NA,NA,NA,NA,NA,NA,NA,NA,NA,NA,NA,NA,0,0,1,0
1984-10-01,NA,2.49130768670726,NA,NA,NA,NA,NA,NA,NA,NA,NA,NA,NA,NA,NA,NA,NA,NA,NA,NA,NA,0,0,0,1
1985-01-01,NA,2.47134254863782,NA,NA,NA,NA,NA,NA,NA,NA,NA,NA,NA,NA,NA,NA,NA,NA,NA,NA,NA,1,0,0,0
1985-04-01,NA,1.50753510229366,NA,NA,NA,NA,NA,NA,NA,NA,NA,NA,NA,NA,NA,NA,NA,NA,NA,NA,NA,0,1,0,0
1985-07-01,NA,2.55857327412315,NA,NA,NA,NA,NA,NA,NA,NA,NA,NA,NA,NA,NA,NA,NA,NA,NA,NA,NA,0,0,1,0
1985-10-01,NA,3.4294036786956,NA,NA,NA,NA,NA,NA,NA,NA,NA,NA,NA,NA,NA,NA,NA,NA,NA,NA,NA,0,0,0,1
1986-01-01,NA,2.3281292226839,NA,NA,NA,NA,NA,NA,NA,NA,NA,NA,NA,NA,NA,NA,NA,NA,NA,NA,NA,1,0,0,0
1986-04-01,NA,0.147023923240622,0.1827,NA,NA,NA,NA,NA,NA,NA,NA,NA,NA,NA,NA,NA,NA,NA,NA,NA,NA,0,1,0,0
1986-07-01,NA,0.317287091868637,0.3978,NA,NA,NA,NA,NA,NA,NA,NA,NA,NA,NA,NA,NA,NA,NA,NA,NA,NA,0,0,1,0
1986-10-01,NA,1.07165762097529,1.1556,NA,NA,NA,NA,NA,NA,NA,NA,NA,NA,NA,NA,NA,NA,NA,NA,NA,NA,0,0,0,1
1987-01-01,NA,3.84924208993692,3.2277,NA,NA,NA,NA,NA,NA,NA,NA,NA,NA,NA,NA,NA,NA,NA,NA,NA,NA,1,0,0,0
1987-04-01,NA,7.98998248704965,2.4273,NA,NA,NA,NA,NA,NA,NA,NA,NA,NA,NA,NA,NA,NA,NA,NA,NA,NA,0,1,0,0
1987-07-01,NA,1.32170703575006,1.2527,NA,NA,NA,NA,NA,NA,NA,NA,NA,NA,NA,NA,NA,NA,NA,NA,NA,NA,0,0,1,0
1987-10-01,NA,3.55653425071562,3.4209,NA,NA,NA,NA,NA,NA,NA,NA,NA,NA,NA,NA,NA,NA,NA,NA,NA,NA,0,0,0,1
1988-01-01,NA,5.84768904925414,5.1286,NA,NA,NA,NA,127.44,NA,NA,NA,NA,NA,NA,NA,NA,NA,NA,NA,NA,NA,1,0,0,0
1988-04-01,NA,7.52754031372229,7.8861,NA,NA,NA,NA,123.08,NA,NA,NA,NA,NA,NA,NA,NA,NA,NA,NA,NA,NA,0,1,0,0
1988-07-01,NA,11.738201606224,24.0057,NA,NA,NA,NA,118.15,NA,NA,NA,NA,NA,NA,NA,NA,NA,NA,NA,NA,NA,0,0,1,0
1988-10-01,NA,17.3052105850785,27.4121,NA,NA,NA,NA,123.33,NA,NA,NA,NA,NA,NA,NA,NA,NA,NA,NA,NA,NA,0,0,0,1
1989-01-01,NA,7.65303830123018,5.8351,NA,NA,NA,NA,106.54,NA,NA,NA,NA,NA,NA,NA,NA,NA,NA,NA,NA,NA,1,0,0,0
1989-04-01,NA,6.29430664811266,37.3811,NA,NA,NA,NA,82.3,NA,NA,NA,NA,NA,NA,NA,NA,NA,NA,NA,NA,NA,0,1,0,0
1989-07-01,NA,29.4741689602724,94.9288,NA,NA,NA,NA,86.33,NA,NA,NA,NA,NA,NA,NA,NA,NA,NA,NA,NA,NA,0,0,1,0
1989-10-01,NA,94.9929158345458,1034.8422,NA,NA,NA,NA,79.35,NA,NA,NA,NA,NA,NA,NA,NA,NA,NA,NA,NA,NA,0,0,0,1
1990-01-01,NA,830.697618956246,3.5116,NA,NA,NA,NA,66.32,NA,NA,NA,NA,NA,NA,1420000,NA,NA,NA,NA,NA,NA,1,0,0,0
1990-04-01,NA,2.7214010700796,4.6096,NA,NA,NA,NA,72.56,NA,NA,NA,NA,NA,NA,NA,NA,NA,NA,NA,NA,NA,0,1,0,0
1990-07-01,NA,3.52280041444566,9.5144,NA,NA,NA,NA,71.46,NA,NA,NA,NA,NA,NA,NA,NA,NA,NA,NA,NA,NA,0,0,1,0
1990-10-01,NA,5.26628693318427,16.1859,NA,NA,NA,NA,96.86,NA,NA,NA,NA,NA,NA,NA,NA,NA,NA,NA,NA,NA,0,0,0,1
1991-01-01,NA,6.08428901623791,2.4359,NA,NA,NA,NA,85.37,NA,NA,1e+06,1e+06,0,1e+06,7e+06,NA,4e+06,1e+06,NA,NA,NA,1,0,0,0
1991-04-01,NA,1.47375660464945,2.5439,NA,NA,NA,NA,85.03,NA,NA,1e+06,1e+06,1e+06,2e+06,1.1e+07,NA,6e+06,2e+06,NA,NA,NA,0,1,0,0
1991-07-01,NA,4.10251154933214,7.6604,NA,NA,NA,NA,84.37,NA,NA,1e+06,1e+06,0,3e+06,1.5e+07,NA,1e+07,3e+06,NA,NA,NA,0,0,1,0
1991-10-01,NA,11.0289211537796,17.9552,NA,NA,NA,NA,106.25,NA,NA,2e+06,2e+06,0,5e+06,2.7e+07,NA,1.7e+07,5e+06,NA,NA,NA,0,0,0,1
1992-01-01,NA,12.0524941924436,17.2449,NA,NA,NA,NA,104.4,NA,NA,5e+06,4e+06,1e+06,9e+06,4.9e+07,NA,3e+07,8e+06,NA,NA,NA,1,0,0,0
1992-04-01,NA,9.49946199119035,12.0422,NA,NA,NA,NA,104.52,NA,NA,9e+06,7e+06,2e+06,1.7e+07,9.1e+07,NA,5.5e+07,1.5e+07,NA,NA,NA,0,1,0,0
1992-07-01,NA,10.8287545339721,18.5953,NA,NA,NA,NA,107.69,NA,NA,1.8e+07,1.4e+07,0,3.2e+07,1.74e+08,NA,1.07e+08,3e+07,NA,NA,NA,0,0,1,0
1992-10-01,NA,12.6253293918665,16.5757,NA,NA,NA,NA,103.21,NA,NA,3.7e+07,3e+07,0,6e+07,3.27e+08,NA,2.03e+08,5.6e+07,NA,NA,NA,0,0,0,1
1993-01-01,-0.048,17.4745512855546,24.1127,NA,NA,NA,NA,99.5,NA,NA,7e+07,5.3e+07,2.2e+07,1.17e+08,6.66e+08,NA,3.94e+08,1.16e+08,NA,NA,NA,1,0,0,0
1993-04-01,-0.042,19.2665462470127,24.2171,NA,NA,NA,NA,102.43,NA,NA,1.46e+08,1.28e+08,3.6e+07,2.82e+08,1.464e+09,NA,8.73e+08,2.56e+08,NA,NA,NA,0,1,0,0
1993-07-01,-0.037,29.9345321632226,57.0953,NA,NA,NA,NA,101.1,NA,NA,3.73e+08,3.32e+08,1.07e+08,6.71e+08,3.569e+09,NA,2.125e+09,6.25e+08,NA,NA,NA,0,0,1,0
1993-10-01,-0.036,37.0855529477831,55.7191,NA,NA,NA,NA,100.32,NA,NA,8.92e+08,7.69e+08,5.6e+07,1.648e+09,8.397e+09,NA,5.079e+09,1.493e+09,NA,NA,NA,0,0,0,1
1994-01-01,-0.038,63.0995884578923,144.4099,NA,NA,NA,NA,99.07,NA,NA,2.213e+09,4.239e+09,-1.335e+09,4.55e+09,1.8876e+10,NA,1.3611e+10,4.077e+09,NA,NA,NA,1,0,0,0
1994-04-01,-0.044,83.2573328631588,154.056,NA,NA,NA,NA,100,NA,NA,7.677e+09,1.4315e+10,4.173e+09,1.4066e+10,6.646e+10,NA,4.2212e+10,1.2646e+10,NA,NA,NA,0,1,0,0
1994-07-01,-0.01,0.490485479697704,0.5733,NA,NA,NA,NA,80.46,NA,NA,1.2247e+10,4.526e+09,3.553e+09,2.464e+10,1.28498e+11,NA,7.1242e+10,2.1342e+10,NA,NA,NA,0,0,1,0
1994-10-01,0.033,0.325940680334121,0.4986,NA,NA,NA,NA,73.31,NA,NA,1.1084e+10,8.912e+09,-1.511e+09,2.9197e+10,1.35371e+11,NA,8.1191e+10,2.4323e+10,NA,NA,NA,0,0,0,1
1995-01-01,0.024,0.184767082749778,0.6573,NA,NA,NA,NA,76.62,NA,NA,1.0401e+10,13788210000,-6738980000,31363060000,156929500000,NA,100056930000,35635710000,29.03,NA,NA,1,0,0,0
1995-04-01,0.008,0.337537886560993,0.608,NA,NA,NA,NA,74.8,NA,NA,12493410000,16183650000,141800000,33785850000,170781310000,NA,104893100000,35650810000,29.03,NA,0.0883,0,1,0,0
1995-07-01,-0.016,0.187813033821528,0.5037,NA,NA,NA,NA,72.93,NA,NA,14259500000,16031820000,-2716170000,32139480000,180259640000,NA,115703700000,36904930000,29.03,NA,0.0555,0,0,1,0
1995-10-01,-0.01,0.192791515262091,0.4025,NA,NA,NA,NA,71.08,NA,NA,14053160000,15916410000,7225220000,32008310000,197670440000,NA,120058150000,40242010000,29.03,NA,0.0966,0,0,0,1
1996-01-01,-0.013,0.114280470939349,0.2984,NA,NA,NA,NA,70.35,NA,NA,12305880000,14772810000,-4964060000,35403160000,189323300000,NA,125685050000,35666080000,32.16,0.0892,-0.1353,1,0,0,0
1996-04-01,-0.016,0.1570907125975,0.244,NA,NA,NA,NA,68.71,NA,NA,14576310000,17470480000,-3354750000,39326080000,204610730000,NA,132510860000,39022700000,33.61,0.0347,0.0339,0,1,0,0
1996-07-01,0.014,0.0700573938644913,0.2513,NA,NA,NA,NA,69.35,NA,NA,15560480000,20927580000,993980000,41417570000,221513230000,NA,142658330000,41810460000,33.87,0.0532,0.0743,0,0,1,0
1996-10-01,0,0.0444783325269269,0.2492,NA,NA,NA,NA,69.53,NA,NA,15084720000,22949100000,-4417120000,43186710000,239316350000,NA,156087500000,52323640000,37.74,-0.0686,-0.0302,0,0,0,1
1997-01-01,0.008,0.0911389006585761,0.2388,NA,NA,NA,NA,67.06,NA,NA,1.3162e+10,19333250000,-7355300000,42696630000,219117050000,NA,147807940000,42139020000,35.99,0.034,-0.0401,1,0,0,0
1997-04-01,0.007,0.0756814668564072,0.209,NA,NA,NA,NA,67.4,NA,NA,17401760000,22570110000,-8062740000,46189460000,232889540000,NA,154446530000,45484650000,36.52,0.0475,0.0474,0,1,0,0
1997-07-01,0.017,0.0104436930626255,0.1918,NA,NA,NA,NA,67.64,NA,NA,18528580000,25171210000,2106220000,47287130000,246178480000,NA,157597810000,45829940000,36.98,0.0179,0.0439,0,0,1,0
1997-10-01,0.024,0.0337022636125719,0.4084,NA,NA,NA,NA,68.19,NA,NA,17398230000,24255150000,373740000,45893850000,253904120000,NA,161953640000,52539820000,38.59,0.0374,-0.0116,0,0,0,1
1998-01-01,-0.013,0.0620854662697046,0.2727,NA,NA,NA,NA,67.86,39.55,NA,16098850000,21714340000,-8375530000,45594780000,235700700000,NA,157102910000,46994030000,38.33,0.0101,-0.0654,1,0,0,0
1998-04-01,0.004,0.0308034889109932,0.2065,NA,NA,NA,NA,68.81,38.17,NA,18804600000,22895700000,-852950000,48379310000,251935880000,NA,159193940000,49306680000,38.92,0.0151,0.0526,0,1,0,0
1998-07-01,0.003,-0.0334911021091542,0.405,NA,NA,NA,NA,72.56,36.63,NA,18785810000,25366180000,3701040000,47636030000,258043290000,NA,163447310000,49839270000,38.63,0.0036,0.0321,0,0,1,0
1998-10-01,-0.013,0.00921752765275308,0.2896,NA,NA,NA,NA,75.26,35.78,NA,16781030000,24325810000,1742590000,44249300000,256671150000,NA,163186840000,55037190000,39.58,-0.0143,-0.0293,0,0,0,1
1999-01-01,-0.021,0.120128315936647,0.4193,NA,NA,NA,NA,112.06,54.19,NA,22153370000,25846740000,-3514980000,44120580000,250667990000,NA,164892670000,48863090000,40.45,0.0077,-0.0445,1,0,0,0
1999-04-01,-0.02,0.0428030607788155,0.2096,NA,NA,NA,NA,102.06,49.75,NA,24727750000,29000690000,3828670000,47152460000,268708930000,NA,170252070000,51748670000,41.68,-0.004,0.0404,0,1,0,0
1999-07-01,-0.027,0.081211774436077,0.19,NA,NA,NA,NA,109.72,54.35,NA,27646220000,32971230000,311870000,46383160000,274125560000,NA,178811440000,53944090000,41.29,-0.0062,0.0298,0,0,1,0
1999-10-01,-0.016,0.115238104563015,0.1904,NA,NA,NA,NA,102.78,54.37,NA,29511050000,36368150000,3434490000,47431810000,294207980000,NA,189576240000,60622540000,44.41,0.0217,-0.0021,0,0,0,1
2000-01-01,-0.008,0.0394694028559883,0.1852,NA,NA,83.8,NA,95.28,53,NA,26401900000,3.1107e+10,-496500000,56886900000,276926900000,187799500000,176025200000,49216400000,42.81,0.044,-0.0236,1,0,0,0
2000-04-01,-0.009,0.0267045784219344,0.1729,NA,NA,89.3,NA,98.44,56.22,NA,30238800000,34983100000,930500000,53911100000,292788600000,194596600000,189995900000,52695400000,43.68,0.0398,0.0362,0,1,0,0
2000-07-01,-0.004,0.133302869277547,0.166,NA,NA,86.3,NA,94.05,58.42,NA,33767700000,40155500000,6805100000,53878600000,308895800000,201534700000,200011600000,54588400000,44.5,0.0456,0.0357,0,0,1,0
2000-10-01,0.007,0.0427967639842228,0.1584,NA,NA,86.1,NA,101.06,63.77,NA,31755800000,43061900000,-60900000,54811100000,320480800000,201179500000,208493200000,68543600000,46.25,0.046,-0.0018,0,0,0,1
2001-01-01,0.002,0.0578772100672298,0.1584,NA,NA,88.8,NA,109.46,63.02,NA,33576500000,42901600000,1546500000,61689200000,312469800000,194325700000,203369300000,55189900000,46.68,0.0348,-0.0341,1,0,0,0
2001-04-01,-0.008,0.062097320367317,0.1832,NA,NA,96.1,NA,121.73,68.59,NA,40837200000,48577400000,425900000,62066900000,323723600000,1.99123e+11,210283800000,58687200000,47.2,0.0233,0.0247,0,1,0,0
2001-07-01,-0.021,0.0962947995421388,0.191,NA,NA,108.7,NA,136.35,70.01,NA,4.5701e+10,51522600000,6445200000,60427400000,332524400000,202464100000,211485600000,59987800000,47.68,0.0046,0.0168,0,0,1,0
2001-10-01,-0.025,0.0912005332038299,0.1905,0.0484,0.1421,97,NA,116.85,59.38,NA,42666800000,48632600000,-4157600000,58153500000,347037600000,200109700000,2.18362e+11,80645500000,50.35,-0.0053,-0.0116,0,0,0,1
2002-01-01,-0.012,0.0608267272462137,0.1852,0.0494,0.1358,98.7,NA,106.76,59.36,0.0268759999999999,34811500000,38734900000,1804100000,62805900000,342296700000,195252500000,215912900000,65697100000,50.89,0.0048,-0.0243,1,0,0,0
2002-04-01,-0.017,0.0586861830303067,0.1841,0.0457,0.1384,102.3,NA,124.7,68.06,-0.00500795200000015,38896200000,4.2244e+10,7826400000,65569400000,367362800000,203699300000,2.25796e+11,71518700000,52.36,0.023,0.0433,0,1,0,0
2002-07-01,-0.006,0.107307824957121,0.179,0.0628,0.1162,105.2,NA,152.25,91.46,0.000814174999999695,6.5894e+10,56182400000,-235400000,67911900000,379794500000,210916400000,233655400000,6.8751e+10,52.28,0.0417,0.0354,0,0,1,0
2002-10-01,-0.003,0.289431904977078,0.249,0.1324,0.1166,111.5,NA,158.7,106.77,-0.00110109900000022,72261500000,62154100000,-16499200000,70596500000,399333200000,210460600000,246171600000,88956900000,55.08,0.0517,-0.0022,0,0,0,1
2003-01-01,-0.022,0.221664696623644,0.2632,0.099,0.1642,98.3,102.12,152.85,102.33,0.00398900600000007,63030900000,58016300000,-5652200000,70261700000,397241600000,200459900000,257432100000,70185400000,57.53,0.0267,-0.0475,1,0,0,0
2003-04-01,-0.031,0.058586370008505,0.2576,0.0708,0.1868,95.2,100.413333333333,130.28,86.67,-0.0190566850000001,62161500000,52473800000,1.755e+09,68695800000,418987300000,205290700000,260277100000,78571800000,59.25,0.0078,0.0241,0,1,0,0
2003-07-01,-0.029,0.0540584373414448,0.1984,0.0656,0.1328,90.4,100.15,129.62,93.56,0.0370210399999999,66753600000,54390700000,5.204e+09,71784900000,439349800000,212237100000,267444700000,82553200000,60.1,0.0063,0.0338,0,0,1,0
2003-10-01,-0.027,0.046976253870558,0.1633,0.0592,0.1041,90.8,101.766666666667,133.07,103.39,0.00273002,68852300000,57758700000,3021100000,74519200000,462371600000,211699600000,277306400000,96431300000,63.41,0.0059,-0.0025,0,0,0,1
2004-01-01,-0.017,0.0761252961467227,0.1611,0.0554,0.1057,94.4,104.676666666667,135.51,108.23,0.0415178359999999,66312700000,54670100000,5.596e+09,76797400000,444783500000,208233900000,274159500000,7.6588e+10,62.01,0.0388,-0.0164,1,0,0,0
2004-04-01,-0.007,0.0654747753063813,0.158,0.0633,0.0947,88.6,106.74,144.1,116.92,0.0170861119999999,82949600000,63518500000,9433300000,83337300000,4.81795e+11,218240900000,284833500000,84759800000,64.09,0.0631,0.0481,0,1,0,0
2004-07-01,-0.005,0.0799544469632334,0.1624,0.0624,0.1,87.5,108.46,131.58,105.63,0.0231724199999999,90341300000,69345700000,1330200000,90684400000,505252300000,226157400000,301880700000,90361500000,64.86,0.0656,0.0363,0,0,1,0
2004-10-01,-0.007,0.0825501758067795,0.1775,0.0608,0.1167,85.5,109.053333333333,126.88,101.35,0.00390123399999998,84321300000,69567200000,-4.763e+09,88267900000,525920400000,224844800000,317821400000,1.0984e+11,67.9,0.0621,-0.0058,0,0,0,1
2005-01-01,-0.014,0.0735699671941201,0.1925,0.0567,0.1358,89.5,110.08,125.3,108.57,-0.00317848000000009,77093800000,61656800000,773300000,85393600000,499710400000,216947100000,308544100000,89562200000,66.87,0.0418,-0.0351,1,0,0,0
2005-04-01,-0.008,0.0548531348820973,0.1974,0.0485,0.1489,96.2,110.883333333333,108.35,92.78,0.0153683539999998,82694500000,6.4902e+10,7349200000,92729200000,535557400000,228007200000,321751900000,95934700000,68.19,0.0448,0.051,0,1,0,0
2005-07-01,-0.019,0.0312351972209033,0.1953,0.0474,0.1479,94,110.943333333333,104.03,92.66,-0.016949824,88086500000,66124900000,1882100000,9.6634e+10,552859200000,230940500000,3.32896e+11,99485500000,69.5,0.0211,0.0129,0,0,1,0
2005-10-01,-0.022,0.0684424377591184,0.1805,0.0446,0.1359,87.9,111.66,100.9,100,0.0250490000000001,83005400000,64377800000,-6.777e+09,95462100000,582457600000,229680200000,350103800000,1.25041e+11,73.62,0.0215,-0.0055,0,0,0,1
2006-01-01,-0.014,0.0587195962388347,0.1654,0.0431,0.1223,91,113.543333333333,95.29,94.48,0.00497089499999981,76049400000,62788300000,-1.707e+09,96723100000,554270500000,226230500000,345001800000,100991600000,71.13,0.0428,-0.015,1,0,0,0
2006-04-01,-0.017,0.00398829345224483,0.1518,0.0398,0.112,96.1,114.87,102.35,101.71,-0.00121007100000026,7.974e+10,66710200000,6668700000,100732600000,581976900000,233213200000,355817100000,105728700000,72.45,0.0228,0.0309,0,1,0,0
2006-07-01,-0.014,0.018146158133399,0.1417,0.0393,0.1024,92.9,116.776666666667,99.14,97.63,-0.00516083500000009,98607700000,76557700000,6820300000,108368100000,617847700000,241316200000,368733900000,111875400000,74.33,0.0449,0.0347,0,0,1,0
2006-10-01,-0.016,0.0457278544013258,0.1319,0.0408,0.0911,93.2,118.983333333333,99.29,105.06,0.0343803859999998,91944800000,75063500000,2823500000,108849800000,655354900000,240693900000,386662800000,140137500000,79.04,0.048,-0.0026,0,0,0,1
2007-01-01,-0.006,0.0511612167047089,0.1268,0.0374,0.0894,85.9,119.76,96.14,102.19,0.019039472,85082500000,75990300000,13576200000,109266900000,6.31423e+11,237982400000,384998900000,114488900000,77.03,0.0519,-0.0113,1,0,0,0
2007-04-01,0.003,0.0328853733924885,0.1193,0.0347,0.0846,94.5,122.343333333333,90.12,97.6,0.0221412519999997,89592800000,77526800000,15015400000,1.19167e+11,670654700000,2.48459e+11,400751200000,123655200000,78.36,0.0654,0.044,0,1,0,0
2007-07-01,0.002,0.0361770056408319,0.1118,0.0375,0.0743,96,124.616666666667,89.92,100.28,-0.000250704000000046,95806500000,85912300000,16545600000,129920700000,691845900000,255482100000,410354100000,125131300000,78.62,0.0587,0.0283,0,0,1,0
2007-10-01,0.009,0.0582792565434052,0.1118,0.0445,0.0673,94,126.44,86.66,100.17,0.0207186079999999,92066100000,86048300000,4468600000,131177400000,726339300000,256675300000,432651800000,152023700000,82.15,0.0664,0.0047,0,0,0,1
2008-01-01,0.014,0.0621000127221383,0.1118,0.0436,0.0682,92.9,126.8,86.32,112.95,0.0159487299999999,80423100000,86389900000,23503600000,132371500000,712055300000,2.52636e+11,433753100000,128393800000,81.82,0.0616,-0.0157,1,0,0,0
2008-04-01,0.017,0.0864402995956097,0.1217,0.056,0.0657,94.8,129.453333333333,82.11,113.22,0.0241008739999999,98350100000,98721600000,25908800000,147732500000,769525200000,264201700000,456472700000,139782600000,84.56,0.0634,0.0458,0,1,0,0
2008-07-01,0.026,0.0436402795979578,0.1366,0.0501,0.0865,97.8,130.913333333333,87.61,110.52,0.00184053199999989,115426600000,114289900000,17306800000,1.68886e+11,812602600000,273316800000,480468400000,144804700000,86.31,0.0698,0.0345,0,0,1,0
2008-10-01,-0.022,0.0444789120978122,0.1367,0.0493,0.0874,113.1,124.703333333333,107.19,102.64,-0.187913344,1.26681e+11,127374700000,2755500000,153855600000,815620100000,259314900000,486815700000,1.72887e+11,91.31,0.0103,-0.0512,0,0,0,1
2009-01-01,-0.052,0.0503104619366064,0.1116,0.0414,0.0702,118.5,122.03,97.4,97.28,0.0507335299999998,87579400000,93932500000,2750500000,134944700000,756127100000,246506900000,474263600000,150521400000,89.05,-0.0243,-0.0494,1,0,0,0
2009-04-01,-0.038,0.053675119580052,0.0916,0.0406,0.051,111.9,124.783333333333,87.38,94.38,0.0405343520000001,9.4053e+10,89036900000,-3.905e+09,147361700000,803577500000,258381400000,5.0422e+11,150884800000,90.29,-0.022,0.0482,0,1,0,0
2009-07-01,-0.024,0.0254920039640327,0.0865,0.0419,0.0446,102.9,127.813333333333,82.13,92.91,0.0436169119999998,92891300000,95856700000,-8449700000,172381600000,852843300000,270139100000,534397200000,157479600000,91.65,-0.0116,0.0455,0,0,1,0
2009-10-01,-0.008,0.0432319182159098,0.0865,0.044,0.0425,93.9,130.36,79.87,99.32,0.0373513149999998,87156800000,96294300000,-5.89e+08,181987800000,920491500000,273121700000,552152400000,196077700000,97.84,0.0532,0.011,0,0,0,1
2010-01-01,-0.001,0.085144453678605,0.0865,0.047,0.0395,92.9,135.08,78.75,98.57,0.039288752,86093700000,100530800000,12732700000,177984500000,886397300000,269207900000,546391900000,163725400000,95.59,0.0921,-0.0143,1,0,0,0
2010-04-01,0.01,0.0407050243869895,0.1016,0.0474,0.0542,94.7,136.61,76.4,93.62,-0.00599699000000009,104085600000,110024300000,15320500000,1.93393e+11,9.44145e+11,280389500000,568567300000,172802800000,97.76,0.0852,0.0415,0,1,0,0
2010-07-01,0.016,0.0201597994757841,0.1066,0.0531,0.0535,94.2,137.943333333333,75.57,106.02,-0.00700592800000011,112717800000,125310900000,19041600000,2.14814e+11,997934800000,2.88798e+11,596732400000,179939900000,100.32,0.0691,0.03,0,0,1,0
2010-10-01,0.019,0.0920667358286182,0.1067,0.0552,0.0515,89.4,139.136666666667,73.74,124.77,0.010002874,114372900000,121855900000,2125200000,211754500000,1057369900000,288660600000,628475400000,222497900000,106.34,0.0569,-5e-04,0,0,0,1
2011-01-01,0.015,0.101212108303794,0.1167,0.0561,0.0606,91.1,140.66,74.77,137.43,0.0211040839999999,102540600000,115133400000,17766100000,209985600000,1016530400000,283193900000,623584700000,177786800000,104.21,0.052,-0.0189,1,0,0,0
2011-04-01,0.019,0.0569987112728234,0.1217,0.0502,0.0715,97.9,141.426666666667,72.38,122.2,-0.0188073400000002,123710100000,129689200000,24061200000,220960500000,1086711700000,293569600000,648648600000,199020500000,107.46,0.047,0.0366,0,1,0,0
2011-07-01,0.01,0.0432194854178747,0.119,0.058,0.061,112.5,141.976666666667,78.12,130.73,-0.027870622,135788300000,1.40308e+11,1.2077e+10,237137100000,1112333800000,299013800000,6.68612e+11,199027300000,108,0.0354,0.0185,0,0,1,0
2011-10-01,0.006,0.0595660086261809,0.1091,0.0535,0.0556,109.2,141.463333333333,79.39,124.34,0.0229186559999999,1.39763e+11,150342500000,-630300000,233843800000,1160806100000,296072800000,696968700000,241203400000,113.82,0.0257,-0.0098,0,0,0,1
2012-01-01,-0.001,0.0498930759920049,0.0965,0.0543,0.0422,98.3,139.726666666667,79,124.59,-0.0402677760000001,117375200000,135292500000,24876300000,2.3328e+11,1129478500000,288027100000,6.94702e+11,194537600000,113.84,0.0171,-0.0272,1,0,0,0
2012-04-01,0.002,0.0440332008956104,0.084,0.0538,0.0302,108.6,142.43,87,125.37,0.00601100599999982,1.44381e+11,158831400000,1.9703e+10,244244200000,1183129700000,296464200000,718126700000,215506200000,115.86,0.0099,0.0293,0,1,0,0
2012-07-01,0.012,0.0578778394954977,0.0739,0.0564,0.0175,100,143.96,87.63,135.45,0.01753344,151023900000,1.60656e+11,11380200000,259596900000,1230448500000,306445400000,7.53551e+11,215552500000,116.57,0.0249,0.0337,0,0,1,0
2012-10-01,0.009,0.082133735276998,0.0729,0.0563,0.0166,96.7,144.596666666667,88.5,137.4,0.00674220799999992,150693900000,174136200000,-22231400000,260338900000,1271703300000,303426600000,790454400000,266583700000,121.67,0.0248,-0.0099,0,0,0,1
2013-01-01,0.007,0.0799742165611577,0.0716,0.0553,0.0163,95.1,144.543333333333,82.97,129.05,-0.000492400000000059,1.24034e+11,162851300000,31625500000,256583300000,1241599900000,295870300000,777707800000,214500600000,121.83,0.0272,-0.0249,1,0,0,0
2013-04-01,0.022,0.0482256856966854,0.079,0.0574,0.0216,105.4,146.43,90.18,134.06,0.0200518080000001,154693800000,179807300000,15142800000,279511800000,1322567400000,308392900000,8.0598e+11,247046300000,124.5,0.0402,0.0423,0,1,0,0
2013-07-01,0.026,0.0250730470358067,0.089,0.0616,0.0274,100.1,147.436666666667,94.79,138.26,0.00393971199999998,1.68179e+11,2.00205e+11,17275900000,291365700000,1354127400000,314900800000,8.33145e+11,244366900000,124.84,0.0276,0.0211,0,0,1,0
2013-10-01,0.022,0.0842721215108067,0.099,0.0611,0.0379,89.6,148.506666666667,95.87,141.69,-0.0467488000000001,173170100000,199920400000,-22359100000,287483200000,1413324200000,311087800000,873589200000,301361200000,131.89,0.0252,-0.0121,0,0,0,1
2014-01-01,0.025,0.0898899063803245,0.1065,0.0642,0.0423,98.2,147.926666666667,91.68,151.9,0.0210227149999997,144199600000,190641900000,26729800000,287509600000,1386074100000,306113100000,873851200000,244425700000,131.45,0.0346,-0.016,1,0,0,0
2014-04-01,0.011,0.0629377249769594,0.109,0.0601,0.0489,100.3,145.576666666667,87.05,142.97,-0.045362688,161986900000,189492200000,9867300000,282501200000,1.422374e+12,307026600000,8.88412e+11,269098700000,134.49,-0.0044,0.003,0,1,0,0
2014-07-01,0.011,0.033677432587097,0.109,0.0633,0.0457,102.3,145.496666666667,89.59,139.83,0.03121,171781900000,204558100000,20309600000,289648600000,1462111100000,312884900000,912054800000,272874400000,135.66,-0.0064,0.0191,0,0,1,0
2014-10-01,0.014,0.070570756691033,0.1165,0.0673,0.0492,104.9,145.946666666667,96.66,149.44,-0.039844426,158406600000,205490800000,-17876800000,288793600000,1508393800000,310427100000,9.64086e+11,320475200000,141.06,-0.0021,-0.0079,0,0,0,1
2015-01-01,0.001,0.162129705144917,0.1265,0.0701,0.0564,110.8,144.38,107.01,160.54,-0.00403887400000003,153634700000,201807600000,24874400000,276845900000,1456588400000,301249300000,9.36462e+11,2.66579e+11,140.37,-0.0159,-0.0296,1,0,0,0
2015-04-01,-0.017,0.0933720071769342,0.1365,0.0638,0.0727,116.3,141.126666666667,105.09,158.28,-0.0385219,190122100000,204951100000,-760400000,266639500000,1479994300000,298712200000,938505300000,290438800000,143.84,-0.0271,-0.0084,0,1,0,0
2015-07-01,-0.031,0.0565994229185693,0.1415,0.0615,0.08,132.6,138.733333333333,129.36,186.75,-0.0319024240000001,212637100000,219711700000,-2631500000,270356400000,1508187900000,299555100000,959604400000,287933200000,146.16,-0.0426,0.0028,0,0,1,0
2015-10-01,-0.039,0.117484799635089,0.1415,0.0719,0.0696,116.7,137.5,122.14,181.47,-0.04054276,217074200000,216143700000,-46915500000,255555100000,1551016400000,293093400000,1000621300000,3.40825e+11,153.63,-0.0558,-0.0216,0,0,0,1
2016-01-01,-0.044,0.109026070912095,0.1415,0.0652,0.0763,126.3,135.52,112.7,176,0.00680262799999998,196163200000,196119400000,-2742300000,2.47484e+11,1497568900000,285437400000,969944800000,282838500000,152.31,-0.0525,-0.0261,1,0,0,0
2016-04-01,-0.051,0.0718438474410219,0.1415,0.0601,0.0814,127.7,134.81,104.86,173.09,-0.00205705400000011,208356900000,192842900000,-7023200000,256127200000,1555783200000,288554500000,982032900000,309132200000,156.52,-0.034,0.0109,0,1,0,0
2016-07-01,-0.053,0.0423796460963133,0.1415,0.0507,0.0908,113.3,134.386666666667,99.09,161.88,-0.00639310000000015,192728700000,184394200000,-402900000,2.56348e+11,1574469800000,291527400000,1010774800000,299415500000,156.79,-0.0268,0.0103,0,0,1,0
2016-10-01,-0.06,0.0300033627826866,0.1365,0.0469,0.0896,125.5,133.483333333333,97.62,171.83,0.00974911000000001,184817900000,182737200000,-35884900000,249216500000,1631405900000,2.85794e+11,1044577800000,371415700000,165.72,-0.0249,-0.0197,0,0,0,1
2017-01-01,-0.048,0.0390813251201181,0.1215,0.0445,0.077,115.2,135.433333333333,92.14,156.07,-0.00336620799999998,192320600000,179727100000,25157600000,244895500000,1585039200000,285419400000,1001845200000,300547500000,161.22,-1e-04,-0.0013,1,0,0,0
2017-04-01,-0.044,0.00880484362840273,0.1015,0.0412,0.0603,129.9,135.816666666667,99.2,159.74,0.0251994949999996,216217700000,180609700000,-6365200000,248769200000,1630940200000,289755500000,1021075800000,331852400000,163.41,0.0042,0.0152,0,1,0,0
2017-07-01,-0.043,0.0238562879670161,0.0815,0.0389,0.0426,112.8,136.236666666667,97.5,157.54,0.00597484999999986,210463200000,195233400000,1437400000,263924500000,1641367700000,2.95645e+11,1048827400000,311948600000,161.17,0.0141,0.0203,0,0,1,0
2017-10-01,-0.044,0.0465620571792611,0.069,0.038,0.031,107.4,137.536666666667,101.27,171.15,0.0362029999999998,NA,NA,NA,NA,NA,NA,NA,NA,NA,NA,NA,0,0,0,1
2018-01-01,NA,0.028355739229335,0.064,0.0394,0.0246,102.5,137.885,101.88,NA,-0.0200440000000001,NA,NA,NA,NA,NA,NA,NA,NA,NA,NA,NA,1,0,0,0
2018-04-01,NA,NA,0.064,NA,NA,NA,NA,NA,NA,NA,NA,NA,NA,NA,NA,NA,NA,NA,NA,NA,NA,0,1,0,0
