"date","inflation","nominal_interest_rate","exp_inflation","real_interest_rate","uncertainty","ibcbr","real_ex_rate","commodity_index","ind_prod","m1","logdiff_commodity_index","logdiff_m1","logdiff_ibcbr","inflation_adj","logdiff_m1_adj"
1995-01-01,0.224197350053324,0.4614,NA,NA,NA,NA,72.1,NA,NA,18217441,NA,NA,NA,0.194438743902681,NA
1995-02-01,0.129505552292121,0.5628,NA,NA,NA,NA,71.63,NA,NA,19885525,NA,0.0876126482086477,NA,0.142533764566386,0.0988074114013517
1995-03-01,0.202705045487655,0.6573,NA,NA,NA,NA,76.62,NA,NA,17082321,NA,-0.151948011063574,NA,0.219277320242365,-0.13113990697467
1995-04-01,0.333908600160376,0.8543,NA,NA,NA,NA,77.91,NA,NA,17141943,NA,0.00348419824693735,NA,0.310284943193683,0.0347066943791049
1995-05-01,0.371900910288056,0.6094,NA,NA,NA,NA,74.72,NA,NA,16077908,NA,-0.0640821115202463,NA,0.360886865036473,-0.0463532736833833
1995-06-01,0.307583587234934,0.608,NA,NA,NA,NA,74.8,NA,NA,17621988,NA,0.0917012846926752,NA,0.316680559817339,0.0703799506200057
1995-07-01,0.323010608530128,0.604,NA,NA,NA,NA,74.47,NA,NA,17878924,NA,0.0144751484862908,NA,0.301371956131482,0.0445571289321834
1995-08-01,0.125486956926017,0.5087,NA,NA,NA,NA,73.27,NA,NA,17775620,NA,-0.00579473343255898,NA,0.147742151474117,-0.00941622015452516
1995-09-01,0.125486956926017,0.5037,NA,NA,NA,NA,72.93,NA,NA,19068611,NA,0.0702157245119004,NA,0.161090998977014,0.0546334997006739
1995-10-01,0.182958182438563,0.4299,NA,NA,NA,NA,73.26,NA,NA,19754622,NA,0.035343909240968,NA,0.184437022594893,0.0527359478957908
1995-11-01,0.191384442112171,0.4191,NA,NA,NA,NA,73.97,NA,NA,21912091,NA,0.103651095643759,NA,0.193599099331634,0.0688242672953132
1995-12-01,0.204127032667049,0.4025,NA,NA,NA,NA,71.08,NA,NA,28492903,NA,0.262616453793036,NA,0.189789402299744,0.0859915935645001
1996-01-01,0.173196610154846,0.3393,NA,NA,NA,NA,70.32,NA,NA,23481820,NA,-0.193428533987962,NA,0.141748301489495,-0.0705239643470342
1996-02-01,0.130848004136224,0.3438,NA,NA,NA,NA,70.3,NA,NA,23095259,NA,-0.0165991463644772,NA,0.140823031279629,-0.0010527677063209
1996-03-01,0.0428180071986151,0.2984,NA,NA,NA,NA,70.35,NA,NA,22985492,NA,-0.00476412407488525,NA,0.0578253419796846,0.016104662246405
1996-04-01,0.162130974325867,0.2597,NA,NA,NA,NA,69.62,NA,NA,23276407,NA,0.0125770381704484,NA,0.140105353083667,0.0404070487511169
1996-05-01,0.156634109599371,0.2875,NA,NA,NA,NA,69.08,NA,NA,22761723,NA,-0.0223599630833533,NA,0.148391255487523,-0.00477650432974804
1996-06-01,0.152527113059203,0.244,NA,NA,NA,NA,68.71,NA,NA,23513221,NA,0.0324825493166401,NA,0.163064274495792,0.0120790267659663
1996-07-01,0.141640388469958,0.2336,NA,NA,NA,NA,68.74,NA,NA,23107137,NA,-0.017421327849064,NA,0.120500343892588,0.0102190545434692
1996-08-01,0.0540966873236182,0.2408,NA,NA,NA,NA,69.44,NA,NA,23477144,NA,0.0158858212792197,NA,0.0766631548883872,0.0123519603945394
1996-09-01,0.0181492450119629,0.2513,NA,NA,NA,NA,69.35,NA,NA,25143255,NA,0.0685623175939831,NA,0.0541930967564742,0.0523490312032112
1996-10-01,0.0365999802881301,0.2377,NA,NA,NA,NA,69.36,NA,NA,23171129,NA,-0.0816826056622055,NA,0.0388700658571265,-0.065663695998688
1996-11-01,0.0390831011312591,0.2513,NA,NA,NA,NA,69.94,NA,NA,24383240,NA,0.0509889469804286,NA,0.0420810102294732,0.0168599225864991
1996-12-01,0.0578810244306212,0.2492,NA,NA,NA,NA,69.53,NA,NA,29807483,NA,0.200863458332226,NA,0.0436211547401528,0.0272368175749696
1997-01-01,0.151161087700131,0.2263,NA,NA,NA,NA,68.35,NA,NA,33123796,NA,0.105492467104273,NA,0.118358485210125,0.228318619367407
1997-02-01,0.0616778118644983,0.2534,NA,NA,NA,NA,67.35,NA,NA,36236904,NA,0.0898261105858111,NA,0.0678146150341684,0.108265330705402
1997-03-01,0.0629461808463812,0.2388,NA,NA,NA,NA,67.06,NA,NA,37448610,NA,0.0328915460577228,NA,0.0745148181648733,0.0543513814511331
1997-04-01,0.110863974560763,0.211,NA,NA,NA,NA,66.56,NA,NA,36298117,NA,-0.0312037264724303,NA,0.0908401169626397,-0.00453557739524352
1997-05-01,0.0503247634171551,0.21,NA,NA,NA,NA,67.43,NA,NA,36860743,NA,0.0153812427435582,NA,0.0458470103225229,0.0304155956320515
1997-06-01,0.0667596266408768,0.209,NA,NA,NA,NA,67.4,NA,NA,37841978,NA,0.0262719061541148,NA,0.0802601985468832,0.00607199972102736
1997-07-01,0.0267217941965934,0.1878,NA,NA,NA,NA,66.97,NA,NA,35906316,NA,-0.0525058023773326,NA,0.00623945615991663,-0.0290551516504458
1997-08-01,-0.00239736175920802,0.2069,NA,NA,NA,NA,66.66,NA,NA,37775700,NA,0.0507528255939889,NA,0.0198145969332469,0.0468808385641104
1997-09-01,0.00722380758421282,0.1918,NA,NA,NA,NA,67.64,NA,NA,39116753,NA,0.0348848019379133,NA,0.0426757664581409,0.0218629674544804
1997-10-01,0.027951830643242,0.412,NA,NA,NA,NA,68.54,NA,NA,39284420,NA,0.00427716191465066,NA,0.0297578907414556,0.0181250577726087
1997-11-01,0.0205918250055575,0.4492,NA,NA,NA,NA,68.87,NA,NA,40023882,NA,0.0186483233364996,NA,0.0233138285464579,-0.0154267233446632
1997-12-01,0.0528380019408186,0.4084,NA,NA,NA,NA,68.19,NA,NA,47362722,NA,0.168359137635811,NA,0.0381693729788762,-0.00128452913138805
1998-01-01,0.0886070727067956,0.3479,NA,NA,NA,NA,67.51,40.5,NA,42619626,NA,-0.105520612177241,NA,0.0555186127896302,0.0166229514310462
1998-02-01,0.0566181971940869,0.3369,NA,NA,NA,NA,67.94,40.35,NA,42820595,-0.00371057939653552,0.00470432703192358,NA,0.0594281203586847,0.0254061459178273
1998-03-01,0.041571673389913,0.2727,NA,NA,NA,NA,67.86,39.55,NA,41922152,-0.0200257005022948,-0.0212048038679811,NA,0.0498190754717908,0.00503754501910005
1998-04-01,0.0291832177661524,0.2285,NA,NA,NA,NA,68.41,39.29,NA,42274904,-0.00659566064329464,0.00837924936340073,NA,0.0119499494311489,0.0318539050081166
1998-05-01,0.0616778118644983,0.215,NA,NA,NA,NA,68.97,39.28,NA,42502086,-0.000254550084103133,0.00535953314240345,NA,0.0612598998926983,0.0193322052355769
1998-06-01,0.00240264176079208,0.2065,NA,NA,NA,NA,68.81,38.17,NA,44060070,-0.0286656167291266,0.0360007730367435,NA,0.0196050413012924,0.0148658282124871
1998-07-01,-0.0143053391355358,0.1963,NA,NA,NA,NA,69.27,37.28,NA,43981738,-0.0235928769397482,-0.00177942780704754,NA,-0.0352531678891803,0.0122272755366858
1998-08-01,-0.0595121910589623,0.19,NA,NA,NA,NA,70.01,36.86,NA,44308331,-0.0113300375757133,0.00739821575250588,NA,-0.038662766170632,0.00688756428652848
1998-09-01,-0.0260828910050399,0.405,NA,NA,NA,NA,72.56,36.63,NA,43933681,-0.0062593754509539,-0.00849147118671922,NA,0.00864624441966155,-0.0173114084324475
1998-10-01,0.00240264176079208,0.426,NA,NA,NA,NA,74.81,36.89,NA,43031345,0.00707293481786087,-0.0207524432499113,NA,0.00332897906528876,-0.00876374918431646
1998-11-01,-0.0143053391355358,0.344,NA,NA,NA,NA,74.4,36.74,NA,46117494,-0.00407443182160439,0.0692635537867474,NA,-0.0124218842078719,0.0322269504758392
1998-12-01,0.0403267051542395,0.2896,NA,NA,NA,NA,75.26,35.78,NA,50707266,-0.0264770017064064,0.0948768565270584,NA,0.0252201992434081,-0.0721922337389352
1999-01-01,0.0873106619155055,0.3694,NA,NA,NA,NA,93.04,44.72,NA,49957188,0.22303175076627,-0.0149028152928992,NA,0.0549033784611077,0.107110801005575
1999-02-01,0.133537296586903,0.39,NA,NA,NA,NA,115.55,54.93,NA,47817257,0.205638818507685,-0.0437797991971607,NA,0.134128735326081,-0.0195915081704946
1999-03-01,0.140286196499853,0.4193,NA,NA,NA,NA,112.06,54.19,NA,45497048,-0.0135632577765059,-0.0497391547168462,NA,0.146216233697311,-0.0193550516595785
1999-04-01,0.0693088867179825,0.3193,NA,NA,NA,NA,99.7,48.08,NA,44075657,-0.119630099351071,-0.0317398101489204,NA,0.0548316007015028,-0.00946147327775464
1999-05-01,0.0365999802881301,0.2334,NA,NA,NA,NA,98.35,47.95,NA,44052226,-0.00270748889750472,-0.000531749992273234,NA,0.0408781899495215,0.0136956429504823
1999-06-01,0.0230397754505438,0.2096,NA,NA,NA,NA,102.06,49.75,NA,45939541,0.0368516622751547,0.0419503213279562,NA,0.0438824266109301,0.0205782997347586
1999-07-01,0.138933477132203,0.1951,NA,NA,NA,NA,102.97,48.92,NA,48011511,-0.0168241527856301,0.0441145887394221,NA,0.115944688920346,0.0491042142048898
1999-08-01,0.0693088867179825,0.1952,NA,NA,NA,NA,108.5,52.98,NA,47508989,0.0797281730249519,-0.0105218594156398,NA,0.0869776928355077,-0.0075262610827228
1999-09-01,0.0378408599618558,0.19,NA,NA,NA,NA,109.72,54.35,NA,46988943,0.0255301297232946,-0.0110066165277942,NA,0.0709786449422159,-0.0186684388159723
1999-10-01,0.152527113059203,0.1883,NA,NA,NA,NA,113.32,57.08,NA,48580640,0.0490091790414171,0.0333127789189511,NA,0.151976302584408,0.0421371202343344
1999-11-01,0.120149216274177,0.1903,NA,NA,NA,NA,108.98,56.74,NA,51580026,-0.00597436322793055,0.0599094068914319,NA,0.119946061527331,0.0228150490976558
1999-12-01,0.0744241677219248,0.1904,NA,NA,NA,NA,102.78,54.37,NA,62744441,-0.0426668982228757,0.195935479921747,NA,0.0582006264965896,0.0323252941627256
2000-01-01,0.0769902108971672,0.189,NA,NA,86.2,NA,100.17,54.5,NA,56633254,0.0023881705113693,-0.102473645261384,NA,0.0456435788864387,0.0203944373744929
2000-02-01,0.0157120247567155,0.1887,NA,NA,86,NA,97.34,53.47,NA,54038049,-0.0190799527085583,-0.04690792963126,NA,0.0161432224697686,-0.0224147269831348
2000-03-01,0.0267217941965934,0.1852,NA,NA,83.8,NA,95.28,53,NA,53255346,-0.0088288354085182,-0.0145902156369679,NA,0.0326112734130233,0.0169837119338076
2000-04-01,0.0515806944291164,0.1862,NA,NA,93.2,NA,96.02,53.27,NA,53668551,0.00508140737678575,0.00772899358463519,NA,0.0396414541670749,0.0273817692506388
2000-05-01,0.00120066022004939,0.1844,NA,NA,85.8,NA,97.52,56.65,NA,52976100,0.0615186665451075,-0.0129863190508459,NA,0.00936924503379041,0.00220106412342324
2000-06-01,0.027951830643242,0.1729,NA,NA,89.3,NA,98.44,56.22,NA,54696730,-0.00761942199562959,0.0319630585690867,NA,0.0516419818353998,0.0117772099225443
2000-07-01,0.211260113850781,0.1639,NA,NA,83.3,NA,95.77,55.94,NA,57077894,-0.0049928777045718,0.0426129693234039,NA,0.187398394942108,0.0435850437701019
2000-08-01,0.169035728038332,0.1641,NA,NA,85,NA,93.46,56.41,NA,56626345,0.00836675997807124,-0.00794256006234662,NA,0.184088306913456,-0.0038534466473426
2000-09-01,0.027951830643242,0.166,NA,NA,86.3,NA,94.05,58.42,NA,59451342,0.0350118492077103,0.0486838601927779,NA,0.0595015140566852,0.0385488668753337
2000-10-01,0.0169299655858595,0.1659,NA,NA,88.7,NA,95.61,60.08,NA,60166406,0.0280187104962843,0.0119559602122017,NA,0.0164989925934381,0.0208957864823628
2000-11-01,0.0390831011312591,0.164,NA,NA,82.6,NA,99.08,62.33,NA,63052800,0.0367658433648792,0.0468583139384506,NA,0.0377326314385438,0.0109636421919663
2000-12-01,0.0731432488907429,0.1584,NA,NA,86.1,NA,101.06,63.77,NA,74352468,0.0228400095064218,0.164844396082369,NA,0.0554374023721608,0.00669652226857739
2001-01-01,0.0705856097792963,0.1512,NA,NA,90.2,NA,100.36,62.97,NA,66549099,-0.0126244378265294,-0.110876860649526,NA,0.0392059832581619,0.0134660990037179
2001-02-01,0.0566181971940869,0.1514,NA,NA,86.8,NA,105.96,62.92,NA,68309887,-0.000794344310573791,0.0261145084622356,NA,0.0556375932251181,0.0464444829704268
2001-03-01,0.046565215684566,0.1584,NA,NA,88.8,NA,109.46,63.02,NA,66032790,0.00158805813905083,-0.0339030776840445,NA,0.0515361004092893,-0.00161809137714455
2001-04-01,0.0718637300402489,0.1628,NA,NA,87.3,NA,114.17,64.69,NA,65811791,0.0261544937267653,-0.00335242002822511,NA,0.0613104818276876,0.0146766169687369
2001-05-01,0.0503247634171551,0.168,NA,NA,85.9,NA,119.14,67.42,NA,65461974,0.0413350797500209,-0.005329592368021,NA,0.0606959675434604,0.00903936266747591
2001-06-01,0.0642159387145589,0.1832,NA,NA,96.1,NA,121.73,68.59,NA,66395565,0.0172050417053153,0.0141608376443116,NA,0.0903897486626012,-0.00560217985337391
2001-07-01,0.171808143495833,0.1888,NA,NA,92.7,NA,124.71,70.08,NA,67328517,0.0214906951169063,0.0139536143887362,NA,0.150807901310671,0.0144585431088837
2001-08-01,0.0873106619155055,0.1905,NA,NA,87.6,NA,128.03,69.72,NA,67571709,-0.00515022597631631,0.00360551306196299,NA,0.102917946795233,0.00597041980857014
2001-09-01,0.0341223000022235,0.191,NA,NA,108.7,NA,136.35,70.01,NA,68485780,0.00415086833728662,0.0134367429435436,NA,0.063812786361747,0.00285861069841818
2001-10-01,0.104274913828344,0.1905,NA,NA,101.8,NA,137.79,67.54,NA,67524432,-0.0359180740316845,-0.0141366445333304,NA,0.103141335014248,-0.00441935594071954
2001-11-01,0.0886070727067956,0.1905,0.0557,0.1348,94.1,NA,126.16,63.76,NA,70243399,-0.0575939804754624,0.0394768514421813,NA,0.0853791493344021,0.00424079199433762
2001-12-01,0.0808498103655155,0.1905,0.0484,0.1421,97,NA,116.85,59.38,NA,83706703,-0.0711685651463458,0.175352718534814,NA,0.06104653769702,0.0220329859860054
2002-01-01,0.0642159387145589,0.1905,0.0476,0.1429,106,NA,111.75,60.9,NA,74672200,0.0252757053802375,-0.114211190336935,NA,0.0318465510455185,0.0115609350078822
2002-02-01,0.0440657079419022,0.1879,0.047,0.1409,95.7,NA,111.03,60.65,0.031,73939370,-0.00411353932579228,-0.009862434533769,NA,0.0408677561396602,0.00968107596459322
2002-03-01,0.0744241677219248,0.1852,0.0494,0.1358,98.7,NA,106.76,59.36,-0.004,73216164,-0.0214990365309342,-0.0098292167878995,NA,0.0779063972553221,0.0216128153727851
2002-04-01,0.100338693716146,0.1811,0.049,0.1321,91.7,NA,105.39,57.3,-0.004,74760982,-0.0353199751384308,0.0208799016052765,NA,0.0909383325801239,0.0380840846601943
2002-05-01,0.0254931070792348,0.1816,0.0437,0.1379,98.7,NA,112.89,61.16,-0.004,73786726,0.0651927573401672,-0.0131172669373747,NA,0.0373112655687737,-0.000102835256118396
2002-06-01,0.0515806944291164,0.1841,0.0457,0.1384,102.3,NA,124.7,68.06,0.003,79666601,0.106896288011899,0.0766715880650537,NA,0.0806308752842321,0.055923334156636
2002-07-01,0.152527113059203,0.1787,0.0508,0.1279,103.9,NA,136.62,77.46,0.005,82770745,0.129372005013846,0.0382242387072367,NA,0.13705568229314,0.0394180455456351
2002-08-01,0.0808498103655155,0.1782,0.054,0.1242,116,NA,142.67,82.06,-0.015,85509912,0.0576890129274341,0.0325576213454184,NA,0.0982363511066936,0.0326738984990844
2002-09-01,0.089904900269945,0.179,0.0628,0.1162,105.2,NA,152.25,91.46,0.011,88177292,0.108451031215869,0.0307171704987539,NA,0.117491563811678,0.0190835442362538
2002-10-01,0.169035728038332,0.209,0.0894,0.1196,113.5,NA,171.03,105.84,0.009,88821343,0.146026801576792,0.00727750067131794,NA,0.167766055311583,0.0159454928456942
2002-11-01,0.429086598372564,0.219,0.1247,0.0943,117.1,NA,158.26,103.56,0.001,91947479,-0.0217773649233637,0.0345905633819754,NA,0.424310900994442,-0.00126386362438073
2002-12-01,0.283243003396247,0.249,0.1324,0.1166,111.5,NA,158.7,106.77,-0.011,107845940,0.0305258333068741,0.159486193649457,NA,0.261148606310776,0.0117664602404148
2003-01-01,0.306049989887568,0.2538,0.1172,0.1366,108,NA,149.36,103.33,0.006,92451476,-0.0327492379639471,-0.154019804157052,NA,0.271591112349011,-0.0278030524707525
2003-02-01,0.20555056084022,0.2628,0.1107,0.1521,100,NA,160.19,110.95,-0.001,90973223,0.0711518991523397,-0.0161187126236229,NA,0.198917563792634,0.00207188817807999
2003-03-01,0.158006086834585,0.2632,0.099,0.1642,98.3,102.12,152.85,102.33,-0.001,87106671,-0.0808767642799397,-0.0434317394168886,NA,0.159478159947067,-0.0128526663466864
2003-04-01,0.122815179047249,0.2632,0.0918,0.1714,90.9,101.13,138.14,93.36,-0.003,84500366,-0.0917398971203633,-0.0303776053371791,-0.00974177445920432,0.114026822763172,-0.0119372191869661
2003-05-01,0.0757064879261868,0.2627,0.0823,0.1804,102.6,99.71,133.03,89.67,-0.021,83333885,-0.0403267230143438,-0.0139006165424682,-0.0141408450733778,0.0871369103810889,-0.00467304725163715
2003-06-01,-0.0178522400000656,0.2576,0.0708,0.1868,95.2,100.4,130.28,86.67,0.005,85625030,-0.0340284618177025,0.0271223977750665,0.00689623441692788,0.0127650833901401,0.00957783996546833
2003-07-01,0.0242657679454032,0.243,0.0639,0.1791,98.4,99.02,129.2,88.15,-0.01,84264307,0.0169321056976255,-0.0160192761081923,-0.0138403573243524,0.0145568840342083,-0.0118073602140316
2003-08-01,0.041571673389913,0.2183,0.0632,0.1551,94.3,99.76,132.84,93.32,0.016,84339229,0.0569945383093495,0.000888735867693669,0.00744545143850406,0.0599608765184032,0.000518490547523089
2003-09-01,0.0977216967611758,0.1984,0.0656,0.1328,90.4,101.67,129.62,93.56,0.031,85383962,0.0025684945627491,0.0123111778565175,0.0189649729152892,0.122955567960166,-2.10311391564636e-05
2003-10-01,0.0353604607534075,0.1885,0.0615,0.127,93.2,101.67,129.03,97.42,0.01,85529755,0.0404285866624186,0.00170604253328577,0,0.0346727783623174,0.0096186139144804
2003-11-01,0.041571673389913,0.1732,0.058,0.1152,92.4,101.98,130.76,100.82,0.011,92097337,0.0343052202760878,0.0739817015229711,0.00304444133993975,0.0371759674737669,0.0364908415308177
2003-12-01,0.0642159387145589,0.1633,0.0592,0.1041,90.8,101.65,133.07,103.39,-0.018,109648388,0.0251714969441172,0.174432744813874,-0.00324117555265424,0.0431243191025102,0.0332708208135976
2004-01-01,0.0951104064082937,0.1629,0.0601,0.1028,93.3,103.58,130.93,101.33,0.018,98075024,-0.0201257281383755,-0.111546036627175,0.0188087209213901,0.0620408130430201,0.011244023869787
2004-02-01,0.0757064879261868,0.163,0.0574,0.1056,88.5,104.47,137.73,104.58,0.017,99538669,0.0315698112997582,0.0148134650257994,0.00855568785367122,0.0674801990374917,0.0316838462563259
2004-03-01,0.0578810244306212,0.1611,0.0554,0.1057,94.4,105.98,135.51,108.23,0.006,97724807,0.0343062635470703,-0.0183907650846464,0.0143504482151995,0.0581837797532768,0.00958877664321027
2004-04-01,0.0453147769825524,0.158,0.056,0.102,102.3,106.61,135.1,109.1,0.007,97919725,0.00800630053196993,0.00199257359761873,0.00592691889776731,0.0368686443989038,0.0204189521611562
2004-05-01,0.0629461808463812,0.1578,0.0598,0.098,91.8,106.3,142.57,117.9,0.008,101269942,0.0775719147043006,0.033641634272616,-0.00291203061448186,0.0727178624728901,0.0384302359061092
2004-06-01,0.0886070727067956,0.158,0.0633,0.0947,88.6,107.31,144.1,116.92,0.002,102481343,-0.00834686730028,0.0118911178810492,0.0094565565911342,0.118367793834735,-0.00129690481383892
2004-07-01,0.114834690032744,0.1582,0.0636,0.0946,88.4,107.77,139.4,109.97,0.007,103210805,-0.0612823389202024,0.00709278468054109,0.00427748466970446,0.108828707854194,0.0128118012000008
2004-08-01,0.0860156664899252,0.1591,0.0627,0.0964,87.8,108.2,136.65,107.86,0.01,105790213,-0.0193735114137619,0.0246844632402308,0.00398203980364098,0.10460314594644,0.0236406756241967
2004-09-01,0.0403267051542395,0.1624,0.0624,0.1,87.5,109.41,131.58,105.63,0.006,109856202,-0.0208916680740101,0.0377142456248691,0.0111209270763171,0.063841680290049,0.0240412170884806
2004-10-01,0.0540966873236182,0.1674,0.0622,0.1052,84.8,108.62,130.98,106.07,-0.006,109826382,0.00415683168230796,-0.00027148260586074,-0.00724674088199961,0.0530794722259594,0.00686569119170606
2004-11-01,0.0860156664899252,0.1721,0.063,0.1091,85.5,109.64,129.05,103.55,-0.003,113409610,-0.0240446656757856,0.0321053585326538,0.00934671882788596,0.0811991897422213,-0.00448130608324471
2004-12-01,0.108224037644802,0.1775,0.0608,0.1167,85.5,108.9,126.88,101.35,0.013,127946401,-0.0214747149435839,0.120605302063986,-0.00677224149567035,0.087930323989567,-0.0119775038443891
2005-01-01,0.0718637300402489,0.1824,0.0574,0.125,88.9,109.66,124.02,101,0.003,118831622,-0.00345935605674974,-0.0739038840745998,0.0069546400369882,0.0403164812421876,0.0449430004318042
2005-02-01,0.0731432488907429,0.1874,0.0561,0.1313,89.2,110.18,120.05,98.58,-0.016,117767461,-0.0242521155640283,-0.00899553931034092,0.00473072206866743,0.0634925103779404,0.00824523005344525
2005-03-01,0.0757064879261868,0.1925,0.0567,0.1358,89.5,110.4,125.3,108.57,0.01,116793947,0.0965267249665294,-0.00830076522908385,0.00199474179842518,0.0746887868308849,0.015994907331064
2005-04-01,0.10954328638178,0.195,0.0587,0.1363,92.3,111.16,118.26,102.01,0.001,113676146,-0.0623242785493332,-0.0270576643885079,0.00686047103130782,0.100880220627324,-0.00879072223540063
2005-05-01,0.0604108303876956,0.1976,0.0539,0.1437,93.4,110.96,111.64,95.13,0.034,115770548,-0.0698264704760616,0.018256616697208,-0.0018008288677267,0.068756535605151,0.0210247324661092
2005-06-01,-0.00239736175920802,0.1974,0.0485,0.1489,96.2,110.53,108.35,92.78,-0.019,116929052,-0.025013277894768,0.00995715997487068,-0.00388279868371288,0.0273431524904242,-0.00118874058733293
2005-07-01,0.0304159569135067,0.1974,0.0486,0.1488,95.6,110.7,106.38,91.46,-0.008,116747519,-0.0143293810936891,-0.00155371191679166,0.00153686239172757,0.0289512115430874,0.00489458682872107
2005-08-01,0.0205918250055575,0.1973,0.047,0.1503,94.4,111.23,106.82,92.85,0.002,116996340,0.0150835695688061,0.00212900646930336,0.00477628988934686,0.0400776692167564,0.00109323546492148
2005-09-01,0.0428180071986151,0.1953,0.0474,0.1479,94,110.9,104.03,92.66,-0.011,117422647,-0.00204840781021254,0.00363714113277425,-0.00297123524761655,0.064777857608797,-0.0106681024758008
2005-10-01,0.0938068976709838,0.1895,0.0473,0.1422,92.2,110.89,100.88,94.62,-0.005,119658744,0.0209319902144998,0.0188640981103561,-9.01753911968228e-05,0.091924358617619,0.0246121414361687
2005-11-01,0.0680335594676484,0.1853,0.0461,0.1392,96.8,111.83,97.21,92.4,0.01,126508048,-0.023741891555364,0.0556620351969208,0.0084411420749726,0.0629551468150372,0.0184279420552
2005-12-01,0.0440657079419022,0.1805,0.0446,0.1359,87.9,112.26,100.9,100,0.02,144778165,0.0790432073404537,0.134896747684898,0.00383774847395646,0.0246668242612857,0.00839651529015267
2006-01-01,0.0731432488907429,0.1723,0.0462,0.1261,91.2,113.39,100.68,102.49,0.003,129951090,0.0245950468553797,-0.108044525488332,0.0100155944696949,0.0424787482997166,0.0108974254903542
2006-02-01,0.0503247634171551,0.1729,0.044,0.1289,87.9,113.62,95.44,97.88,0.007,131135781,-0.0460229942690003,0.00907513369927671,0.00202634314523209,0.039025866072458,0.0269118443012233
2006-03-01,0.0528380019408186,0.1654,0.0431,0.1223,91,113.62,95.29,94.48,-0.005,128748460,-0.0353540666853647,-0.0183727042858131,0,0.050872179809226,0.00290023161400207
2006-04-01,0.0254931070792348,0.157,0.0406,0.1164,89.4,114.25,95.14,96.66,0.007,127513286,0.022811494527831,-0.00964001521606406,0.00552948264533359,0.0172493052720103,0.00644471386596781
2006-05-01,0.0120662204957915,0.1566,0.041,0.1156,95.5,115.6,99.31,101.26,0.009,130856529,0.0464918001248256,0.0258809614685802,0.0117469264639629,0.0191351790520141,0.0286383909431293
2006-06-01,-0.0249109678254573,0.1518,0.0398,0.112,96.1,114.76,102.35,101.71,-0.017,132055128,0.00443416009574182,0.00911794720443382,-0.00729296512511279,0.00404400553678854,-0.00141126811485505
2006-07-01,0.0230397754505438,0.1466,0.0428,0.1038,91.5,116.93,100.12,101.96,0.011,133558017,0.00245495287040942,0.0113164959413616,0.0187324740390631,0.0253890032670917,0.0181938711066078
2006-08-01,0.0060165275309616,0.1418,0.044,0.0978,88.7,116.53,99.2,99.94,-0.001,136342248,-0.0200105735918559,0.020632286284421,-0.00342671456705546,0.0261018309017066,0.0189797838908724
2006-09-01,0.0254931070792348,0.1417,0.0393,0.1024,92.9,116.87,99.14,97.63,-0.015,143060998,-0.0233851826784788,0.0481028447598568,0.00291345535989329,0.0463164952390995,0.0312463694829942
2006-10-01,0.0403267051542395,0.1368,0.04,0.0968,93.8,118.06,97.72,99.6,0.009,145008835,0.0199773413529725,0.0135235728489853,0.0101307638674779,0.0385984454512254,0.0196709189964425
2006-11-01,0.0378408599618558,0.1318,0.0414,0.0904,88.8,118.88,98.62,104.04,0.014,151874576,0.0436132759898982,0.0462603507225303,0.0069216111569057,0.0330021172293202,0.00907349197476822
2006-12-01,0.059145235035986,0.1319,0.0408,0.0911,93.2,120.01,99.29,105.06,0.011,174345295,0.00975617494536518,0.13798276448836,0.00946049167390139,0.0404263872189757,0.0170058794451468
2007-01-01,0.0540966873236182,0.1293,0.0403,0.089,88,119.69,97.85,102.48,-0.004,155629621,-0.0248639579373364,-0.113558826858899,-0.00267000575807153,0.0240309226384909,0.00568852877086
2007-02-01,0.0540966873236182,0.1293,0.0381,0.0912,90.1,120.21,95.85,101.96,0.012,153682285,-0.00508707808056474,-0.0125915730430215,0.00433514643088362,0.0412587354861146,0.00744654438672265
2007-03-01,0.0453147769825524,0.1268,0.0374,0.0894,85.9,119.38,96.14,102.19,0.011,155576622,0.00225324611620348,0.0122509693327508,-0.00692853057565834,0.042719287495117,0.0295661754736384
2007-04-01,0.0304159569135067,0.1243,0.0347,0.0896,89.4,121.34,94.59,100.31,0.012,156468363,-0.0185684347287243,0.00571547994927357,0.0162848397736477,0.0222572118323695,0.018592401207929
2007-05-01,0.0341223000022235,0.1243,0.034,0.0903,90.5,122.29,92.5,98.65,0.003,157893243,-0.0166871584267696,0.00906529124921818,0.00779875068712688,0.0394487873386557,0.0136149230552307
2007-06-01,0.0341223000022235,0.1193,0.0347,0.0846,94.5,123.4,90.12,97.6,0.007,164171409,-0.010700739049577,0.0389919313973977,0.00903583827000887,0.0615475792472539,0.0271614864074035
2007-07-01,0.0291832177661524,0.1143,0.0355,0.0788,89,124.31,88.84,97.07,-0.006,166890701,-0.00544512569491218,0.016428054281544,0.00734733433233625,0.0348825596883098,0.0240764703772189
2007-08-01,0.0578810244306212,0.1143,0.0383,0.076,97.3,124.29,92.25,99.74,0.018,170027080,0.0271344323938418,0.0186186053639545,-0.000160901046204032,0.078615348729276,0.0165646813996977
2007-09-01,0.021815128251309,0.1118,0.0375,0.0743,96,125.25,89.92,100.28,-0.012,174810353,0.00539947317211631,0.0277439706743863,0.00769419520755399,0.0418090006135395,0.00971767615948687
2007-10-01,0.0365999802881301,0.1118,0.0371,0.0747,92.6,126.16,86.17,98.48,0.029,178095836,-0.0181127914138948,0.0186201207424368,0.00723920268980915,0.0353532258116641,0.0257782322563059
2007-11-01,0.046565215684566,0.1118,0.0385,0.0733,93.1,126.19,86.19,98.41,-0.012,187792507,-0.00071105696530438,0.0530158572508732,0.000237765010036028,0.0419959926205603,0.0150221385171483
2007-12-01,0.0925048113427391,0.1118,0.0445,0.0673,94,126.97,86.66,100.17,0.004,231429799,0.0177263177127793,0.208938916328393,0.00616213041688152,0.0746067246847265,0.0933678815701035
2008-01-01,0.0667596266408768,0.1118,0.0444,0.0674,99.6,127.19,86.19,104.42,0.018,190279086,0.041552485358733,-0.195784715373044,0.00173119338169236,0.0369909872748579,-0.0776744733992565
2008-02-01,0.0604108303876956,0.1118,0.0428,0.069,93.6,126.8,85.36,110.9,-0.005,184056916,0.0602076663739153,-0.0332468322405006,-0.00307098946026763,0.0460712255604608,-0.0123437411456288
2008-03-01,0.059145235035986,0.1118,0.0436,0.0682,92.9,126.41,86.32,112.95,0.003,183845861,0.0183163485576907,-0.00114734128876748,-0.00308044949565911,0.0560897864630698,0.0134855968003268
2008-04-01,0.0680335594676484,0.1161,0.0456,0.0705,91.3,127.78,85.97,112.95,-0.001,186799466,0,0.0159379725425559,0.0107794426667311,0.0593872150402937,0.0257874671610328
2008-05-01,0.0990294812054378,0.1164,0.0508,0.0656,91.3,129.5,84.12,112.52,0.007,183251480,-0.00381425929235579,-0.0191762499857688,0.0133708459653956,0.10267893108691,-0.0134202082643355
2008-06-01,0.0925048113427391,0.1217,0.056,0.0657,94.8,131.08,82.11,113.22,0.018,186219640,0.00620184498685727,0.0160674201287101,0.0121269426910207,0.118859116226699,0.00383589865955513
2008-07-01,0.0654870868514921,0.1292,0.0549,0.0743,93.3,130.9,81.06,111.54,0.003,185866821,-0.0149495576471059,-0.00189643613902746,-0.00137415091475912,0.0744328445615331,0.00741568930970423
2008-08-01,0.0341223000022235,0.1292,0.0516,0.0776,90.1,131.02,80.55,105.26,-0.013,186652793,-0.0579497910357745,0.00421976796249979,0.000916310387875541,0.0560713346042712,0.00182058949006425
2008-09-01,0.0316500494346978,0.1366,0.0501,0.0865,97.8,130.82,87.61,110.52,0.012,194785375,0.0487630201295826,0.0426481423032676,-0.00152765077066341,0.0506895575498731,0.0232138235530546
2008-10-01,0.0553567519501019,0.1365,0.054,0.0825,126.8,128.13,100.24,109.94,-0.024,189663409,-0.00526173762270155,-0.0266473418241695,-0.0207769590115818,0.0541350052506602,-0.0173422853435543
2008-11-01,0.0440657079419022,0.1365,0.0545,0.082,121.4,124.96,100.66,103.55,-0.063,199544449,-0.059880174590921,0.0507860439544601,-0.0250516874301088,0.0394224474639681,0.0122071584405513
2008-12-01,0.0341223000022235,0.1367,0.0493,0.0874,113.1,121.02,107.19,102.64,-0.112,223439938,-0.00882686753421247,0.113105630639218,-0.0320378648972008,0.0172750146012131,0.00273356678420489
2009-01-01,0.059145235035986,0.1266,0.047,0.0796,114,120.84,101.33,102.25,0.023,196088428,-0.00380692538446947,-0.13057692340519,-0.0014884646757034,0.029044898783067,-0.0140087683148776
2009-02-01,0.0680335594676484,0.1266,0.0457,0.0809,114.6,122.24,99.54,98.72,0.022,194352675,-0.0351332347658335,-0.00889129972062364,0.0115189688997388,0.0519110170567184,0.0102821201385135
2009-03-01,0.0242657679454032,0.1116,0.0414,0.0702,118.5,123.01,97.4,97.28,0.005,192267830,-0.0146941419392208,-0.0107850731231984,0.00627932746248305,0.0204769547138976,0.00191661348893253
2009-04-01,0.059145235035986,0.1016,0.0421,0.0595,111.5,123.63,95.38,97.36,0.014,194452270,0.000822030461415046,0.0112973865773327,0.00502758113814217,0.0500273009642384,0.0205405485963021
2009-05-01,0.0578810244306212,0.1016,0.0414,0.0602,108.6,124.85,89.91,97.83,0.012,195756457,0.00481582979006578,0.00668458579256637,0.00981978270694661,0.0610280611439787,0.0114040348831429
2009-06-01,0.0440657079419022,0.0916,0.0406,0.051,111.9,125.87,87.38,94.38,0.014,202225477,-0.0359020921710966,0.032511977381688,0.00813661157763157,0.0711282489104712,0.0200242013165343
2009-07-01,0.0291832177661524,0.0865,0.0409,0.0456,107.2,126.3,86.38,93.3,0.014,198240019,-0.0115090784449432,-0.0199047839357931,0.00341040105303136,0.0417083654740375,-0.00868598961904708
2009-08-01,0.0181492450119629,0.0865,0.0397,0.0468,105.5,128.02,82.86,94.8,0.013,202573931,0.0159493014076784,0.0216263975507331,0.0135264723574124,0.0414593936024008,0.0187440476927801
2009-09-01,0.0291832177661524,0.0865,0.0419,0.0446,102.9,129.12,82.13,92.91,0.016,208270145,-0.0201381266077556,0.0277310997873457,0.00855570280778117,0.0470877167200732,0.00910424080546089
2009-10-01,0.0341223000022235,0.0865,0.0432,0.0433,100.8,129.8,79.15,92.63,0.021,209048065,-0.0030182193872843,0.00372819053859175,0.00525259974835102,0.0327255454632024,0.0128760164196436
2009-11-01,0.0503247634171551,0.0865,0.0435,0.043,97.6,130.02,79.27,95.06,0.015,220454797,0.0258952079199268,0.0531284700025694,0.00169348050633289,0.0451608735126285,0.0150258477022939
2009-12-01,0.0453147769825524,0.0865,0.044,0.0425,93.9,131.26,79.87,99.32,0.001,250234275,0.0438386894541027,0.126704907454666,0.00949180426925356,0.0286509418270945,0.021459401975481
2010-01-01,0.0938068976709838,0.0865,0.0468,0.0397,95.1,133.47,79.59,104.3,0.016,227474986,0.0489244013667607,-0.0953572983606286,0.0166966444404837,0.0627450122058509,0.017508463564096
2010-02-01,0.0977216967611758,0.0865,0.0466,0.0399,96.4,135.23,81.53,104.98,-0.003,225059838,0.00649849381742662,-0.0106739671839868,0.0131002989992082,0.0798560783394063,0.00697833822308791
2010-03-01,0.0642159387145589,0.0865,0.047,0.0395,92.9,136.54,78.75,98.57,0.026,229296811,-0.063002900146806,0.0186509687089043,0.00964057950486641,0.0590893303989856,0.0291121827257676
2010-04-01,0.0705856097792963,0.094,0.0486,0.0454,90.2,137.15,77.18,97.54,0.001,228663254,-0.0105044053954408,-0.00276686747428911,0.00445760539347795,0.0610161484015617,0.0075257022183031
2010-05-01,0.0528380019408186,0.0939,0.0488,0.0451,98.5,136.49,77.66,95.55,-0.002,231206160,-0.0206128795956246,0.0110593652937467,-0.00482386551550817,0.056117592108195,0.014822757436975
2010-06-01,0,0.1016,0.0474,0.0542,94.7,136.19,76.4,93.62,-0.005,234716609,-0.0204056348143578,0.0150690872477277,-0.00220038228723851,0.0285532371579147,0.00339484958484145
2010-07-01,0.00120066022004939,0.1066,0.0482,0.0584,93.8,136.86,76.44,95.15,-0.006,235838143,0.0162105578702345,0.00476686769798107,0.00490753594348625,0.017164730178473,0.0156864507710191
2010-08-01,0.0048105740926796,0.1066,0.0498,0.0568,91.3,137.69,76.82,101.02,-0.004,242749100,0.0598639232977476,0.0288826646589264,0.0060462759319293,0.0292476770853525,0.0265100013962304
2010-09-01,0.0553567519501019,0.1066,0.0531,0.0535,94.2,139.28,75.57,106.02,0.003,248741593,0.0483092385197539,0.0243861788361066,0.0114815140036519,0.0721324675285973,0.00633604200282166
2010-10-01,0.0938068976709838,0.1066,0.0542,0.0524,89.7,138.86,75.18,111.33,-0.003,249713851,0.0488710081809556,0.0039010878293233,-0.00302006413480616,0.0920195345774698,0.0125958768317382
2010-11-01,0.104274913828344,0.1066,0.0561,0.0505,93.5,140.09,75.74,119.42,0.007,259165378,0.0701479273782306,0.0371507167136826,0.00881884188289561,0.0985532892131307,-0.00040214426903111
2010-12-01,0.0782753380297514,0.1067,0.0552,0.0515,89.4,138.46,73.74,124.77,0.006,281875897,0.0438253513040836,0.0840005094878684,-0.0117035979581432,0.061155957725687,-0.015634852931247
2011-01-01,0.104274913828344,0.1117,0.0567,0.055,91.3,140.17,73.19,130.91,0.001,257275149,0.0480380217690781,-0.091320761644706,0.0122744964250865,0.0725459377881767,0.0180518599447822
2011-02-01,0.100338693716146,0.1117,0.0561,0.0556,92.5,140.66,74.67,138.98,0.014,254054580,0.0598199736941734,-0.01259700504432,0.00348965920490585,0.0815954803500287,0.00262672631149217
2011-03-01,0.0990294812054378,0.1167,0.0561,0.0606,91.1,141.15,74.77,137.43,0.006,251848862,-0.0112153413194207,-0.00871997220567877,0.00347752381962607,0.0927689160505307,0.00112101144113958
2011-04-01,0.0964153389671201,0.1192,0.056,0.0632,91.7,140.96,72.21,132.2,-0.027,248312352,-0.0387987691491745,-0.0141417160673321,-0.00134699251162829,0.0866999566386172,-0.00348768264144536
2011-05-01,0.0578810244306212,0.1192,0.0517,0.0675,91.8,141.2,73.42,124.55,0.029,249576430,-0.0596086857093967,0.00507776339514976,0.00170116287127176,0.061247439248404,0.00816832825325823
2011-06-01,0.0181492450119629,0.1217,0.0502,0.0715,97.9,142.12,72.38,122.2,-0.02,253840238,-0.0190481949706944,0.016939883926355,0.00649444609368466,0.0474679842321867,0.00516499117462753
2011-07-01,0.0193698643723528,0.1242,0.0535,0.0707,98.1,142.23,71.76,120.4,0.002,252615159,-0.0148395138627748,-0.00483786488075211,0.00077369442931019,0.0374174065445974,0.00606571422843907
2011-08-01,0.0453147769825524,0.1241,0.0547,0.0694,119.2,141.91,73.43,121.3,-0.009,248390557,0.00744728307528408,-0.0168648859534173,-0.00225241173569035,0.0700604289133362,-0.0170098518067523
2011-09-01,0.0654870868514921,0.119,0.058,0.061,112.5,141.79,78.12,130.73,-0.021,255032624,0.0748673116237644,0.0263891401912382,-0.000845964096979124,0.0814797606069714,0.00858992045452289
2011-10-01,0.0528380019408186,0.114,0.0556,0.0584,109.6,141.7,78.22,126.74,-0.008,252814003,-0.0309963836783975,-0.00873742187748761,-0.000634943052832071,0.0512877376794975,1.29087133803277e-05
2011-11-01,0.0642159387145589,0.114,0.0553,0.0587,108.6,142.27,78.06,125.01,0.007,261199615,-0.0137440097928998,0.0326308710823113,0.0040145139664407,0.0588414362437029,-0.00527526776006947
2011-12-01,0.0616778118644983,0.1091,0.0535,0.0556,109.2,140.42,79.39,124.34,0.024,285376902,-0.00537398526128019,0.088525846307455,-0.0130887290739725,0.0439099084838778,-0.00800945322992015
2012-01-01,0.0693088867179825,0.104,0.053,0.051,107.6,138.84,76.75,125.05,-0.044,259833394,0.00569390848243678,-0.0937701364296402,-0.0113157405955171,0.0370408851032322,0.0139000844836837
2012-02-01,0.0553567519501019,0.104,0.0526,0.0514,102.5,140.4,75.45,121.35,0.012,256909110,-0.030034725151018,-0.011318268556618,0.0111733005981254,0.036255553933187,0.00128276376514788
2012-03-01,0.0254931070792348,0.0965,0.0543,0.0422,98.3,139.94,79,124.59,-0.008,257522989,0.0263494141381617,0.00238662903260334,-0.00328173227396089,0.0185841889681631,0.0117256020906121
2012-04-01,0.0795618707200734,0.089,0.0557,0.0333,100.1,141.18,81.1,125.32,0.002,258844775,0.00584211977321925,0.0051195639199193,0.00882191264957566,0.0704113641313734,0.0155703661280956
2012-05-01,0.0440657079419022,0.0839,0.0552,0.0287,103.4,142.55,85.53,127.16,0.003,259530056,0.014575669958611,0.00264396092643793,0.00965714339135548,0.0474225005388481,0.00588816678109039
2012-06-01,0.00964235284301074,0.084,0.0538,0.0302,108.6,143.56,87,125.37,0.001,265317011,-0.0141767709146681,0.0220528603173697,0.00706025092072515,0.0390506728423473,0.0106065470316847
2012-07-01,0.0528380019408186,0.0789,0.0558,0.0231,108.9,143.92,85.92,135.17,0.015,265535664,0.0752638803678023,0.000823780392046558,0.00250452336287132,0.0723190701545503,0.0124465020122081
2012-08-01,0.0503247634171551,0.0739,0.0568,0.0171,101.9,144.35,86.89,135.05,0.024,267208637,-0.000888165257111773,0.00628060589741963,0.00298331646666572,0.0755080377797825,0.00644378932869693
2012-09-01,0.0705856097792963,0.0739,0.0564,0.0175,100,143.61,87.63,135.45,-0.021,274835293,0.00295748829247966,0.0281422184462983,-0.00513961403641616,0.0865016413068891,0.0114758625494077
2012-10-01,0.0731432488907429,0.0714,0.0547,0.0167,96.5,144.95,87.34,134.49,0.016,273105295,-0.00711272169564658,-0.00631456689408694,0.00928756329513725,0.0718686837426882,0.00227507705016857
2012-11-01,0.0744241677219248,0.0714,0.0536,0.0178,94.7,144.63,87.99,135.41,-0.016,288090912,0.0068173661592752,0.0534186801962875,-0.00221009828202412,0.0695596218922245,0.0142414954256842
2012-12-01,0.0990294812054378,0.0729,0.0563,0.0166,96.7,144.21,88.5,137.4,0.007,325045422,0.0145891667935159,0.120688835573848,-0.0029081865116618,0.0803006166269349,0.0258814635857972
2013-01-01,0.108224037644802,0.0711,0.057,0.0141,96.8,144.87,86,135.46,0.008,287515564,-0.0142199860014909,-0.122687938139922,0.00456621797958157,0.0750018603781395,-0.0157090973124762
2013-02-01,0.0744241677219248,0.072,0.055,0.017,94.3,143.85,83.58,131.44,-0.025,287025459,-0.0301259200577455,-0.0017060752818665,-0.00706569855600314,0.0543667760487254,0.0077955352389692
2013-03-01,0.0578810244306212,0.0716,0.0553,0.0163,95.1,144.91,82.97,129.05,0.017,293276608,-0.0183505475643893,0.0215452991428542,0.00734177006027537,0.0495145103096105,0.0313008672381773
2013-04-01,0.0680335594676484,0.074,0.0556,0.0184,96.1,146.17,83.3,126.56,0.016,287763134,-0.0194834221452789,-0.0189785279369303,0.00865746784336885,0.0597669601831612,-0.00797844150160124
2013-05-01,0.0453147769825524,0.079,0.0562,0.0228,95.2,146.93,84.33,127.26,-0.002,293594788,0.00551573378530179,0.0200628541908401,0.00518595498665331,0.0483527838479248,0.0235106139626713
2013-06-01,0.0316500494346978,0.079,0.0574,0.0216,105.4,146.19,90.18,134.06,0.006,300251536,0.0520552231251656,0.0224200321446979,-0.00504913736433021,0.0607681785181741,0.0116531380155333
2013-07-01,0.00360594594401098,0.084,0.0566,0.0274,104.6,146.97,93.45,137.1,-0.008,294992118,0.0224231256384568,-0.0176719393450924,0.0053213387950688,0.024521950548358,-0.00502490089136703
2013-08-01,0.0291832177661524,0.089,0.0606,0.0284,98.4,147.1,98.06,142.27,0.006,298262492,0.0370160740948071,0.0110253070873298,0.000884143288798711,0.0553822353542255,0.0109539934251151
2013-09-01,0.0428180071986151,0.089,0.0616,0.0274,100.1,148.24,94.79,138.26,0.006,301268767,-0.0285906901459567,0.0100288355337845,0.00771995436971196,0.0594364985238419,-0.00537965649018325
2013-10-01,0.0705856097792963,0.094,0.0625,0.0315,96.4,148.29,91.47,134.56,-0.01,297832161,-0.0271257742924806,-0.0114726702422203,0.000337234009873733,0.069902570419526,-0.00410965497940405
2013-11-01,0.0667596266408768,0.099,0.0614,0.0376,92.2,148.42,94.71,138.24,0.003,314867661,0.0269811088311078,0.0556223170216796,0.000876276555009881,0.0626425365545099,0.0156846032502847
2013-12-01,0.116161150269126,0.099,0.0611,0.0379,89.6,148.81,95.87,141.69,-0.04,344507915,0.0246502675203892,0.0899646387769693,0.00262423189997119,0.0971505400579698,-0.00145143408889219
2014-01-01,0.0680335594676484,0.104,0.0602,0.0438,93.8,148.21,95.6,143.73,0.019,313131662,0.0142949669870056,-0.0954933180552402,-0.00404013747313492,0.0339299793197917,0.0079759360557391
2014-02-01,0.0860156664899252,0.1065,0.0617,0.0448,97.4,147.79,94.72,149.87,0.005,316246296,0.0418317120937637,0.0098975802590715,-0.00283783974234275,0.0647970973396631,0.0162265312020615
2014-03-01,0.116161150269126,0.1065,0.0642,0.0423,98.2,147.78,91.68,151.9,-0.003,309930414,0.0134541579448229,-0.0201735264061043,-6.76658659797269e-05,0.106028884509502,-0.00743535985291504
2014-04-01,0.0834299161175449,0.109,0.0622,0.0468,100.4,146.9,87.63,148.06,-0.008,309226880,-0.0256048125867752,-0.00227255435606111,-0.00597259818066931,0.0760782026060946,0.00748996280772316
2014-05-01,0.0566181971940869,0.109,0.0603,0.0487,90.7,146.23,86.9,145.16,-0.014,303690454,-0.019781014670083,-0.018066307734852,-0.00457135855604474,0.0589205186091854,-0.0127948621354662
2014-06-01,0.0490702075348057,0.109,0.0601,0.0489,100.3,143.6,87.05,142.97,-0.024,305835044,-0.0152017643037965,0.00703694548230516,-0.0181490680096639,0.0777737777945606,-0.00256967868703241
2014-07-01,0.00120066022004939,0.109,0.0595,0.0495,94.3,144.62,87.49,140.32,0.021,302284860,-0.0187092894171998,-0.0116760668735374,0.00707795613268214,0.0225233101773737,0.00066633956310355
2014-08-01,0.0304159569135067,0.109,0.0615,0.0475,102.1,145.75,88.77,138.44,0.01,306457271,-0.013488509856729,0.0137085183642753,0.00778321248379577,0.0573785022683775,0.0141310941986002
2014-09-01,0.0705856097792963,0.109,0.0633,0.0457,102.3,146.12,89.59,139.83,0,313958669,0.00999038028561561,0.0241830136598722,0.00253537669648018,0.0881185832833975,0.00890784078062743
2014-10-01,0.0515806944291164,0.1115,0.0641,0.0474,103.8,145.67,92.87,146.85,0.006,312803318,0.0489842585918696,-0.00368673382429563,-0.00308441246622504,0.0515714310639532,0.00132827622308411
2014-11-01,0.0629461808463812,0.1115,0.0656,0.0459,103.1,145.74,94.97,151.32,-0.013,326330250,0.0299851421201991,0.0423352893692339,0.000480422781279799,0.0596867765175175,0.00305497580288252
2014-12-01,0.0977216967611758,0.1165,0.0673,0.0492,104.9,146.43,96.66,149.44,-0.033,351602954,-0.0125018252842954,0.0745926619674364,0.00472328632502972,0.0791692571667551,-0.0140532003584869
2015-01-01,0.159379555717734,0.1215,0.0697,0.0518,104.7,145.13,93.33,141.76,0.006,321695497,-0.0527594876237618,-0.0888971307346438,-0.00891760608489456,0.124009939930812,0.0114046084307826
2015-02-01,0.156634109599371,0.1215,0.0688,0.0527,99.8,144.21,98.7,148.81,-0.007,318950030,0.048534837585188,-0.00857099188721477,-0.00635932190829269,0.134327282064426,-0.00394345356715109
2015-03-01,0.170421183285667,0.1265,0.0701,0.0564,110.8,143.8,107.01,160.54,-0.003,315360204,0.0758728082614724,-0.0113189544626309,-0.00284712528703235,0.159760574681027,0.0035243191372484
2015-04-01,0.0886070727067956,0.1315,0.0617,0.0698,111.3,142.38,103.69,157.11,-0.019,306875977,-0.0215969357439247,-0.0272718080335217,-0.00992390561121947,0.0823421192287729,-0.0185410962306915
2015-05-01,0.0925048113427391,0.1315,0.0611,0.0704,110.7,141.16,104.16,158.3,-0.01,305872981,0.00754576992745992,-0.00327376124498002,-0.00860554086865761,0.0937759918425793,0.00231994742409548
2015-06-01,0.0990294812054378,0.1365,0.0638,0.0727,116.3,139.84,105.09,158.28,-0.01,305973492,-0.000126350369742845,0.000328549743567663,-0.00939508689984425,0.127507043624295,-0.0086511849209744
2015-07-01,0.0769902108971672,0.1415,0.0598,0.0817,125.9,138.94,108.4,162.67,-0.016,299397332,0.0273579922611384,-0.0217269099588471,-0.0064567266424902,0.0973136246528667,-0.0100338850132863
2015-08-01,0.0267217941965934,0.1415,0.0566,0.0849,131.9,139.21,117.68,169.87,0.007,297343836,0.0433098298528574,-0.00688239463216078,0.00194139913574087,0.0536866841022564,-0.00443115107029776
2015-09-01,0.0667596266408768,0.1415,0.0615,0.08,132.6,138.05,129.36,186.75,-0.023,295810781,0.0947373853817073,-0.00516916962189384,-0.00836764602431206,0.0852408786865472,-0.0197085847867416
2015-10-01,0.102961408608194,0.1415,0.0672,0.0743,123.1,138.95,127.45,189.34,-0.002,299192775,0.0137735166878183,0.0113681015453651,0.00649821781234916,0.10290212416728,0.0142534491484835
2015-11-01,0.128164561439235,0.1415,0.0716,0.0699,114.9,137.05,121.95,179.18,-0.019,311288444,-0.0551534535313127,0.0396318569295353,-0.0137683334397183,0.125082876626338,0.00160748761661453
2015-12-01,0.121481471492246,0.1415,0.0719,0.0696,116.7,136.5,122.14,181.47,-0.02,334417293,0.0126994636175004,0.0716696383791735,-0.00402120812378026,0.103350909893279,-0.0159567586892038
2016-01-01,0.163508927003142,0.1415,0.0729,0.0686,117.4,136.21,122.41,186.87,0.014,309171081,0.0293228371472312,-0.0784948095115325,-0.00212680216576366,0.127677095633335,0.0205080609004252
2016-02-01,0.113509674956668,0.1415,0.0701,0.0714,120.2,135.81,120.2,184.11,-0.014,306535292,-0.014879782865048,-0.00856188994349338,-0.00294096234327412,0.0913595400972813,-0.00572810506535616
2016-03-01,0.0528380019408186,0.1415,0.0652,0.0763,126.3,134.54,112.7,176,0.007,300106316,-0.0450494100309644,-0.0211960953924262,-0.00939529751851698,0.0431697848527186,-0.00366252131676581
2016-04-01,0.0757064879261868,0.1415,0.0621,0.0794,130.5,134.73,110.03,170.56,0.001,302381496,-0.0313968540606719,0.00755265341422984,0.00141122317029652,0.0702787112957885,0.0136707993914979
2016-05-01,0.0977216967611758,0.1415,0.0617,0.0798,126.5,134.63,108.66,173.06,0.006,299807068,0.0145512142011137,-0.00855029084923586,-0.000742500776612864,0.0978728457564372,-0.00216397761834112
2016-06-01,0.0428180071986151,0.1415,0.0601,0.0814,127.7,135.07,104.86,173.09,-0.009,300911459,0.000173335259714413,0.00367690422255151,0.00326288758152948,0.0717159889552602,-0.00539463961873837
2016-07-01,0.0642159387145589,0.1415,0.057,0.0845,128.5,134.67,99.57,163.2,0.007,299911069,-0.0588352479083012,-0.00333007128678986,-0.00296582111072219,0.083170137235889,0.00703191460058501
2016-08-01,0.0540966873236182,0.1415,0.0544,0.0871,116.8,134.11,98.18,158.96,-0.025,298618296,-0.0263238442864449,-0.0043198382100087,-0.00416698273910132,0.0799553676005253,0.000207977527648246
2016-09-01,0.00964235284301074,0.1415,0.0507,0.0908,113.3,134.38,99.09,161.88,0.012,307800158,0.0182027217641032,0.0302845788914929,0.00201124876915504,0.0285389668449289,0.0147974828273108
2016-10-01,0.0316500494346978,0.139,0.0487,0.0903,113.3,133.78,95.94,162.04,-0.015,308519375,0.000987898326824777,0.0023339105381659,-0.00447494780174207,0.0315167446219681,0.00512366786607369
2016-11-01,0.021815128251309,0.139,0.048,0.091,117.7,133.82,98.83,172.03,0.007,317699479,0.0598256618744584,0.0293212560991094,0.000298953664408685,0.0194646561100053,-0.00710632230601803
2016-12-01,0.0365999802881301,0.1365,0.0469,0.0896,125.5,132.85,97.62,171.83,0.018,347811393,-0.00116326425029367,0.090554457353214,-0.00727494114884841,0.0192299282259408,0.0020507523583083
2017-01-01,0.046565215684566,0.129,0.0471,0.0819,118.6,134.07,92.97,169.88,0.008,312239897,-0.0114133105135839,-0.107888565717623,0.00914137940764714,0.0112352181463381,-0.00767100588514498
2017-02-01,0.0403267051542395,0.1215,0.0453,0.0762,111.9,136.32,91.46,165.86,0.012,318903157,-0.0239482464220124,0.0211156806242236,0.0166430114675356,0.0184794166100378,0.0216810503744494
2017-03-01,0.0304159569135067,0.1215,0.0445,0.077,115.2,135.91,92.14,156.07,-0.023,309000189,-0.0608394344685959,-0.0315455850740314,-0.00301216111374902,0.0211280830376789,-0.011936817633086
2017-04-01,0.0169299655858595,0.1115,0.0445,0.067,111.8,135.95,93.24,156.15,0.011,311203957,0.000512459174625945,0.00710661897098319,0.000294269111223322,0.0118847897589889,0.0119918916288181
2017-05-01,0.0378408599618558,0.1115,0.0464,0.0651,119.2,135.45,95.61,160.04,0.005,309454411,0.0246067002599464,-0.00563772511306126,-0.00368460254737535,0.037567880127857,0.00112203434563321
2017-06-01,-0.0272535229387094,0.1015,0.0412,0.0603,129.9,136.05,99.2,159.74,0.009,316224758,-0.00187629049979154,0.0216424378494615,0.00441989669815168,0.00234146425907695,0.0116213112965536
2017-07-01,0.0291832177661524,0.0915,0.0447,0.0468,125.4,136.45,97.46,157.57,0.006,316196010,-0.0136776895152888,-9.09141554963355e-05,0.0029357819250917,0.0475350843103291,0.00944525987512641
2017-08-01,0.0230397754505438,0.0915,0.0437,0.0478,121.3,135.93,97.34,154.23,-0.005,311592786,-0.0214248092384315,-0.0146651438475871,-0.00381819980719111,0.0482333706529461,-0.00855863663050104
2017-09-01,0.0193698643723528,0.0815,0.0389,0.0426,112.8,136.33,97.5,157.54,0.005,316678652,0.0212343995396553,0.0161903813789515,0.00293836985088181,0.0382143807831598,0.000877448668018168
2017-10-01,0.0515806944291164,0.074,0.0414,0.0326,105.6,136.7,97.89,162.52,0,315989753,0.0311216768443483,-0.00217775778534701,0.00271032653186598,0.0510384465404319,0.000903706798615401
2017-11-01,0.0341223000022235,0.074,0.0399,0.0341,107.1,137.19,99.85,171.15,0.007,327996959,0.0517392938566683,0.037294551153753,0.00357808260816928,0.0320317939229476,0.00126684810365501
2017-12-01,0.0540966873236182,0.069,0.038,0.031,107.4,138.72,101.27,NA,0.029,363025897,NA,0.101469836318255,0.0110906866941587,0.0369160932796389,0.0118823205216276
