simulation_number,period,inflation,inflation_target,nominal_interest_rate,mean_exp_inflation,real_interest_rate,unemployment_rate,output_gap,consumption,real_wage_rate,mean_real_savings_balance,mean_indexation_strategy,mean_substitution_strategy,stdev_real_savings_balance,stdev_indexation_strategy,stdev_substitution_strategy
1,1,0,0.02,0,0.013624381387009646,-0.013624381387009646,0.1,-0.07597891352769304,18.319375193417752,0.1480353550983251,0.09659306920165713,1,1,0.06667496519556444,0.2995819753235075,0.28323539605416076
1,2,0.0018860929472163742,0.02,0,0.013673616637650522,-0.013673616637650522,0.109,-0.08291777067285588,29.428755305218885,0.14840777402854785,0.07337381604899822,0.9893656721931161,1.0278028048577736,0.10776375431686788,0.29943738520872726,0.2829579670793125
1,3,0.002285601838926784,0.02,0,0.013682179365390606,-0.013682179365390606,0.11790999999999997,-0.08980452106506043,37.22919190658877,0.14878112986914233,0.05677996303309392,0.9973792184447998,1.0091559465463267,0.13129053705247481,0.3017421591632832,0.28890827944848085
1,4,0.02804661852439481,0.02,0,0.014905595310977638,-0.014905595310977638,0.10908909999999991,-0.08298655269985578,42.9008487685396,0.14841148445480307,0.04641971164888513,0.9986656448788885,1.0151375463040222,0.14013820517407766,0.30778021743980444,0.2864510049649008
1,5,0.031034621876981396,0.02,0.008560717851064714,0.01840113913559356,-0.009840421284528847,0.10017999099999986,-0.07611751322552696,46.71880774065099,0.14804275742125886,0.0397742198338798,0.997108353498553,1.0183191678797374,0.14569667844558315,0.29775231532591706,0.29376162217428087
1,6,0.03484968369561868,0.02,0.01371323355837939,0.021540398344859244,-0.007827164786479855,0.09118179090999991,-0.06919702008556361,49.32109993191,0.1476749464868007,0.03589650983626212,1.0079281777459548,1.0119674127224316,0.14762493187226056,0.29977656001633535,0.28236998786757156
1,7,0.03657493122933147,0.02,0.01988984872760402,0.023963848851671125,-0.004074000124067105,0.08209360881909993,-0.062224687857852734,50.7545207526802,0.14730804937538847,0.03449826641074084,1.0080984603604084,1.0176458973387974,0.14961013574171664,0.295394581200679,0.2792981673792846
1,8,0.03508647999105489,0.02,0.02364139765226758,0.022801236818785372,0.0008401608334822099,0.07291454490729098,-0.055200128233214074,51.41510238611522,0.14694206381663674,0.03482600252961073,0.9990303185543028,1.0250975117381431,0.153536936384697,0.30177124753153,0.28996720567240314
1,9,0.0364927519845375,0.02,0.02362032882225651,0.023619691014018177,6.378082383316774e-07,0.06364369035636389,-0.048122949993773756,52.06424566438555,0.14657698754580087,0.03529221097112561,0.9999658013919781,1.028761337877826,0.15589107837113755,0.30554682565899977,0.2829037833765567
1,10,0.03623862167231727,0.02,0.027070500046395995,0.023951822723180402,0.0031186773232155934,0.054280127259927556,-0.04099275899117638,52.04945349932313,0.1462128183037631,0.037078364947835445,1.0005729618134889,1.0188409998679129,0.157683566037307,0.3017236810495572,0.2732578791185915
1,11,0.011502909068849506,0.02,0.02858572177423091,0.024237594367200015,0.004348127407030895,0.06373732598732829,-0.04819434166494618,52.32771233820383,0.14658065219953326,0.03644279874272292,1.014489580256492,1.0150249175672796,0.1683343468984189,0.30790519502203173,0.2734074847323237
1,12,0.033661122956927116,0.02,0,0.02032258050863132,-0.02032258050863132,0.054374699247201536,-0.04106468543335873,54.76431938063013,0.14621647385269537,0.03347969950803303,1.0253317537536308,1.0149442232234391,0.16716022748866965,0.3114948912972671,0.2707323701212463
1,13,0.03484210838310894,0.02,0.025497932735572437,0.021855010800813975,0.003642921934758462,0.04491844623967359,-0.033881623343615885,54.41442167286127,0.14585320030377122,0.035055529099292465,1.032221181763039,1.0044117862824578,0.16436557240050773,0.3155108389926862,0.277260102772727
1,14,0.036982660762369585,0.02,0.028756037529638068,0.02334695151313723,0.005409086016500839,0.0353676307020703,-0.026644755350386795,54.186441926691245,0.14549082930479837,0.03725348143260217,1.0208646947649722,1.0124190903910664,0.16346411837101377,0.31154339134219466,0.2772300913434036
1,15,0.012597242474857748,0.02,0.03320581699409453,0.02407415835712491,0.009131658636969617,0.045013954395049606,-0.03395408312763881,54.09362476627092,0.14585684686169154,0.037377440289426994,1.011229989440947,1.010149975955853,0.17296180502957467,0.3054024533335181,0.28599001529783374
1,16,0.033681340575805824,0.02,0.0022582415776351006,0.02067223808808131,-0.018413996510446208,0.03546409393900012,-0.02671775790629416,56.57631824867611,0.14549446680287742,0.03445173145062321,0.9954269491690879,1.0076268051988342,0.17497640805697617,0.3042410124671016,0.2873797765433284
1,17,0.03410149061184278,0.02,0.029240741355583966,0.02204062325697547,0.007200118098608495,0.02581873487839016,-0.01942722780524908,55.8688218082027,0.14513298707414624,0.036753425258659524,0.9944763246282485,1.0088371579535156,0.16965771549587605,0.3149912109063385,0.283857636598995
1,18,0.01052378924538411,0.02,0.03167198468991561,0.024127881373702413,0.007544103316213198,0.03556054752960631,-0.02679075498694139,55.42681059263247,0.14549810439189964,0.0375652329097731,0.9948415008915703,1.0179230558724677,0.17810316268065796,0.3097514656856187,0.2851401580821312
1,19,0.007989870159180467,0.02,0.001614762048028684,0.021327070137573373,-0.01971230808954469,0.04520494205431021,-0.03409898639243725,57.93938569248508,0.14586414025104336,0.032602502297223515,0.9849738759780894,1.017764376472436,0.1867706078356706,0.3052359601213163,0.28893612757542825
1,20,0.03197509465841692,0.02,0,0.018394821460030783,-0.018394821460030783,0.035656991474853274,-0.026863746592738935,60.230872049830694,0.14550174207186728,0.02882837681844778,0.9845047874762579,1.0201400923891488,0.18243208663289529,0.3060222462714496,0.28132544631786055
1,21,0.03455704421989269,0.02,0.027164111356479115,0.021865351167627917,0.005298760188851198,0.026013561389601817,-0.019574310043869114,59.568207900850595,0.14514024426779398,0.030904906192326796,0.982918540895998,1.0200992195598062,0.17666032005953108,0.3061633887501839,0.2747873932754777
1,22,0.03679317938815083,0.02,0.032178184830500056,0.022911957216421336,0.00926622761407872,0.01627369700349777,-0.012230270776198093,58.52104127456991,0.1447796446018494,0.034559952818279685,0.9879827776206084,1.015424741495436,0.17384285123912255,0.3036593176584403,0.2700464701122637
1,23,0.011628663216870741,0.02,0.03683198543409172,0.024195400075259055,0.012636585358832664,0.026110960033462787,-0.019647842889803147,57.409453133367954,0.14514387300069934,0.03670739826257239,1.0014555337889934,1.0202069395853621,0.18177981070643112,0.3140365798198738,0.26982648799175446
1,24,0.007221768122419949,0.02,0.004769518780037174,0.019581530347920706,-0.014812011567883532,0.035849850433128154,-0.027009713381428213,59.40367573663785,0.1455090177046479,0.0329268444860227,0.9915975543581524,1.0258205030411398,0.1896415964146405,0.3156734319935332,0.27225529392217235
1,25,0.03186751288727883,0.02,0,0.01840431097407278,-0.01840431097407278,0.02620834893745939,-0.01972137022070486,61.69786048943512,0.14514750182432865,0.02918819788080264,0.9883690198157721,1.0316925297699684,0.1862401190822225,0.3075267519723365,0.276328965643205
1,26,0.03405866568427404,0.02,0.028919941186917875,0.019825136185080697,0.009094805001837177,0.01647043242683401,-0.012378432531383377,60.82301615672647,0.14478688412704838,0.031626415855680004,0.9852540141068223,1.026543784630259,0.18175196417277148,0.3060985015420841,0.27672477942664864
1,27,0.008177153059961048,0.02,0.0335113009009218,0.02260015393308411,0.010911146967837692,0.026305728102565696,-0.01979489203698781,59.956322033121566,0.14515113073868424,0.033109495892158336,0.9886728843420621,1.0169949871883033,0.1892921435099293,0.3054070076157268,0.28115425311990067
1,28,0.005863733150633224,0.02,0.0006192111281935198,0.019239140898214553,-0.018619929770021033,0.036042670821540015,-0.027155658275646588,62.30384892265345,0.14551629370123742,0.028388046077473566,0.9858403888324502,1.016640599445181,0.19603408890325955,0.30548479422887576,0.2747494771171303
1,29,0.03049403375393891,0.02,0,0.016411043719423143,-0.016411043719423143,0.026403097529755427,-0.01986840833906567,64.07770428656518,0.14515475974376835,0.02553158839090647,0.9916344637518553,1.0155278565179677,0.19060278930125077,0.29908214757719737,0.2812080178774989
1,30,0.036258724185711785,0.02,0.027237707310816983,0.022322610624353766,0.004915096686463217,0.016667128505053027,-0.012526572062861119,62.99336870683032,0.14479412401425085,0.02832621306284592,0.9838997755204073,1.0234136231056497,0.17829887732892674,0.30412001376474174,0.2773140341886812
1,31,0.007988839690446886,0.02,0.036110438486879115,0.02193532949724165,0.014175108989637464,0.026500457220002546,-0.01994191912735188,61.39064290519643,0.1451583888395833,0.03113332595070122,0.9886312095703341,1.0301347690005656,0.18343048690097702,0.3037972236802252,0.2790282069383679
1,32,0.005294492360009723,0.02,0.00035697508522747334,0.019556103511840017,-0.019199128426612543,0.0362354526478025,-0.027301581278678322,63.4381875426664,0.14552357006165406,0.02702901127508454,0.9934288815761168,1.0286294571493093,0.18985947702775452,0.30597588037372947,0.2820307166101341
1,33,0.03159996682331764,0.02,0,0.017195429962202392,-0.017195429962202392,0.026597807174280546,-0.020015424402260118,65.13814654510246,0.14516201802613127,0.02427073769506493,0.9970775875770024,1.0362356308913045,0.1836938866551051,0.30473675205152184,0.2816902966618055
1,34,0.033993419771230576,0.02,0.028521755926739,0.02007887483245136,0.00844288109428764,0.016863785246023326,-0.012674689373964654,63.742178126257734,0.14480136426347473,0.027685639287388594,0.9898719701090012,1.0315278732918998,0.17326157525279423,0.3001397490989722,0.28889346398918586
1,35,0.008309705383162723,0.02,0.03335308290996464,0.02332347656776448,0.010029606342200157,0.02669514739356305,-0.020088924164203714,62.56026863959698,0.14516564730341455,0.02965798304065759,0.9865813059793593,1.0367521153757564,0.17814423940489266,0.29234183211287046,0.291641904125898
1,36,0.0055729035824741945,0.02,0.0007011542892705336,0.01911058676433642,-0.018409432475065886,0.036428195919627454,-0.027447482393806566,64.57002653485111,0.145530846785916,0.025486410718494383,0.9747551462404219,1.0395279205415757,0.18383847479616994,0.29221542747755547,0.2864149144908787
1,37,0.03184557733874413,0.02,0,0.0184866371137891,-0.0184866371137891,0.026792477878823776,-0.02016241841359645,66.28233077113204,0.14516927667143548,0.02268519994940134,0.9701170853955506,1.0298355531746894,0.17705934468760803,0.29508289282813943,0.28701935584282673
1,38,0.03443893327324302,0.02,0.028776602269278362,0.020529053927735495,0.008247548341542867,0.01706040265761203,-0.012822784468026982,64.89485416520809,0.1448086048747383,0.02605333737234313,0.9645393819523362,1.0285038763212764,0.168860443018855,0.2951636605237155,0.2852546557241162
1,39,0.007961107656949738,0.02,0.03384741388026269,0.02259546099479597,0.01125195288546672,0.026889798631035886,-0.02023590715085144,63.65427487287582,0.1451729061301963,0.028102760062012285,0.9610724189934016,1.0243410552245167,0.1744374642338143,0.3027495739987001,0.2928965145979813
1,40,0.005218477641375177,0.02,0.00024808337929593804,0.018941266730360003,-0.018693183351064065,0.03662090064472557,-0.027593361624314805,65.65606678331913,0.14553812387404147,0.023911177725805224,0.9618090151397138,1.020034022107031,0.1797063272930331,0.2990734441856513,0.2874586149152269
1,41,0.03045719358820188,0.02,0,0.016434832570309473,-0.016434832570309473,0.026987109651172774,-0.02030939037638213,67.23841961064872,0.1451765356796992,0.021358686905201398,0.9547953330585266,1.0236014607191504,0.17265448631205374,0.30116837741533975,0.29422356328856725
1,42,0.03421447027449071,0.02,0.027076786469379943,0.020396224209701865,0.006680562259678079,0.01725698074768445,-0.012970857348380327,66.02426678714782,0.14481584584805957,0.024362872740798062,0.9626090201055337,1.0245042437977867,0.16592109817590409,0.29942371362465764,0.2954443843451024
1,43,0.007590547526018143,0.02,0.033538268648062086,0.022766744927829353,0.010771523720232733,0.02708441094020759,-0.02038286809060208,64.74356186987933,0.1451801653199466,0.026404085728307672,0.9685293852776838,1.0133875038235887,0.17068120122562425,0.3083712197504623,0.30087552904472387
1,44,0.005813847294090526,0.02,0,0.01865358500985295,-0.01865358500985295,0.036813566830805486,-0.027739218973485413,66.68388742939037,0.14554540132604862,0.022258532131581337,0.9665588707750556,1.0192985332921294,0.17482069750357332,0.3156501341790159,0.30421689134905866
1,45,0.03291597999421497,0.02,0,0.017742585203470773,-0.017742585203470773,0.0271817024991135,-0.020456340293924513,68.41626960769663,0.1451837950509406,0.019351870387046836,0.9707568702277236,1.010452719757532,0.1675720953246565,0.30854566912210696,0.3109642885726972
1,46,0.0370460471961877,0.02,0.02997932319314045,0.022085177231199075,0.007894145961941375,0.01745351952410465,-0.013118908018357245,67.34068563172026,0.14482308718345666,0.022027055488311093,0.9595633288040311,1.002312225984041,0.16142770803517256,0.3117014652283473,0.3153881148971089
1,47,0.008465884552913026,0.02,0.03689480484638996,0.023374322823343213,0.013520482023046749,0.027278984328863658,-0.02052980698676299,65.91366578561787,0.14518742487268355,0.024346358037955998,0.9760143735674892,1.0000222274822095,0.16560014793318056,0.30769377931344905,0.30194703732417183
1,48,0.0063873578530654306,0.02,0.0007733645809839818,0.02030181671721525,-0.019528452136231268,0.037006194485575065,-0.027885054444600765,67.79871750013108,0.1455526791419557,0.020313411868608126,0.9714869540907018,1.0060336790787194,0.1705108191155143,0.30592540537507984,0.3052733156029574
1,49,0.03104753582215976,0.02,0,0.016919335894681656,-0.016919335894681656,0.027376256430430772,-0.02060326816953062,69.22146536912707,0.14519105478517777,0.018058982994989505,0.9669530476016964,0.9979549179723236,0.1633705604546813,0.29752947716139105,0.3132794106565898
1,50,0.03619622470761636,0.02,0.027705041697560162,0.02042237944332903,0.0072826622542311314,0.017650018994735093,-0.013266936481288627,68.18901603866371,0.14483032888094763,0.02064772972181662,0.9619071656846422,0.9885861559680194,0.15663607333603194,0.3006464441618277,0.31859346461296384
1,51,0.00625600838887135,0.02,0.03583524334808086,0.022614707107364462,0.013220536240716396,0.027473518804787773,-0.02067672384264052,66.79096846214246,0.14519468478842543,0.022852206726026374,0.9600528559278287,0.9928907181552139,0.16052448513607323,0.3068342863888309,0.3202212841650947
1,52,0.004449326699657609,0.02,0,0.01935907993260794,-0.01935907993260794,0.03719878361673989,-0.028030868040942236,68.66239296726843,0.14555995732178081,0.018796816414456182,0.9729563130066708,1.005081242537601,0.16472401795861133,0.30134981940508276,0.32297718532676384
1,53,0.03273183638705249,0.02,0,0.017409592242019354,-0.017409592242019354,0.02757077145290725,-0.02075017400650625,70.1435752870726,0.14519831488242885,0.016377873628034823,0.9754726163870048,1.0020855714702774,0.15742116916092228,0.2966279696962256,0.33119295088963513
1,54,0.03698170532458716,0.02,0.029680991725632877,0.021768368027894194,0.007912623697738683,0.017846479167436313,-0.013414942740505809,69.0078963907322,0.1448375709405507,0.019155174495588127,0.9694466830201315,1.0025708705047716,0.14724722335784582,0.2963940383822132,0.325154181578122
1,55,0.008481762309745903,0.02,0.0367375372099088,0.0238158387152724,0.0129216984946364,0.027668014375761912,-0.02082361866154059,67.608880202267,0.14520194506719034,0.021323266316629792,0.97067341316191,1.0027224703071669,0.15046583034311073,0.2999758693947817,0.3272383171853348
1,56,0.00502131029303002,0.02,0.0007164898914275852,0.01952505544888369,-0.018808565557456105,0.03739133423200428,-0.02817665976579109,69.37861637802128,0.1455672358655422,0.017426306875100862,0.9746874257799099,0.9985655612768262,0.15381746002308172,0.3015229215888461,0.3176508895671606
1,57,0.03305222228098293,0.02,0,0.017434893422510932,-0.017434893422510932,0.02776524757432435,-0.020897057808157093,70.78398244896155,0.14520557534271206,0.015163473407753232,0.9815024826298795,0.999701321644705,0.14671127231698508,0.301554878968401,0.3175590559882657
1,58,0.03611908955852086,0.02,0.030025345745115617,0.02038636223652629,0.009638983508589327,0.0180429000500676,-0.013562926799339015,69.35025500006401,0.14484481336228391,0.018546079356837896,0.9845611200854498,0.9930333422689669,0.1378105813180217,0.29793463058250047,0.31144366690676456
1,59,0.008783977061369377,0.02,0.03566275941433217,0.023847024313040952,0.011815735101291216,0.02786247104956692,-0.02097049144676877,67.89570606604111,0.14520920570899631,0.020808361745907885,0.9952985356817503,0.9881310368157368,0.1415420054917192,0.2984537565667834,0.31391182504452175
1,60,0.004287734400763842,0.02,0.0010384852328275684,0.019255917551812787,-0.01821743231898522,0.03758384633907121,-0.028322429622427925,69.31107492912261,0.14557451477325808,0.017590580667514663,0.9916638069075334,0.9934401340302677,0.14534205744637843,0.2878819822409197,0.30257519949475464
1,61,0.03310795252205749,0.02,0,0.01721256990836136,-0.01721256990836136,0.02795968480246188,-0.021043919577788617,70.72167903521316,0.14521283616604544,0.015320261902336561,1.0030346541795423,0.9977585863278795,0.13684038159396764,0.29271306291567,0.29786215662603654
1,62,0.03880158322599494,0.02,0.030053055384228422,0.020864967952883492,0.00918808743134493,0.018239281650486532,-0.01371088866111847,69.29462635052074,0.14485205614616534,0.018648593002361134,1.0183945855074323,0.9925391261544556,0.12739246409130842,0.29511423655056185,0.3057426898564461
1,63,0.009371572073498995,0.02,0.03884109092176402,0.02385163086315369,0.014989460058610331,0.0280568888339817,-0.021117342201629974,67.73956978337046,0.14521646671386168,0.02110650917540628,1.0233342499163183,0.9915517553815498,0.13051945226840497,0.2963687483206772,0.30995861278624703
1,64,0.006427456162144436,0.02,0.0017003351089937002,0.019492349844068523,-0.017792014735074822,0.03777631994564194,-0.028468177614133006,69.36143347443274,0.14558179404494667,0.017518822707172147,1.031539844628791,0.98537007662022,0.1334720767239521,0.30395087671677734,0.29795928715440956
1,65,0.03457555849050791,0.02,0,0.017766590171837522,-0.017766590171837522,0.028154083145098412,-0.02119075931870551,70.82776309962424,0.14522009735244729,0.015124215693770676,1.0294003405131333,0.9862416143287893,0.12693582399540013,0.3037385047400957,0.2974609868817322
1,66,0.038810676964451195,0.02,0.03177020340644421,0.021106343336370514,0.010663860070073694,0.018435623976549437,-0.013858828329173734,69.42326030557912,0.1448592992922131,0.018405763523655038,1.0364837419780906,0.9788956144375511,0.11993069309070419,0.29812773977158197,0.29978341393071967
1,67,0.008923727093183344,0.02,0.03881194507076935,0.0232690302376043,0.015542914833165049,0.028251267736783915,-0.021264170929428672,67.69979217023327,0.14522372808180448,0.021231294422026585,1.0303100965719332,0.9696112576172053,0.123208613428012,0.3010595443095899,0.29942326408059894
1,68,0.00458404883344778,0.02,0.0011291745004922138,0.01829169846654414,-0.017162523966051925,0.03796875505941614,-0.02861390374418593,69.1394175953385,0.14558907368062615,0.018041801670108278,1.037648026418002,0.9620860945223932,0.12669428879763292,0.29413481509794537,0.29146891570015876
1,69,0.03479986735643753,0.02,0,0.01753917530866026,-0.01753917530866026,0.028348442610010238,-0.021337577034211908,70.57592477878566,0.14522735890193564,0.01569082969725691,1.0287593648391709,0.9512532006839403,0.12068574875182547,0.29588060382768,0.2967900185010423
1,70,0.03831644947844296,0.02,0.03199963564865271,0.021147422311826057,0.010852213336826656,0.018631927036110368,-0.014006745806833254,69.45160972031097,0.14486654280044536,0.018415909835108178,1.032496649950579,0.9429709457959834,0.1158057921002046,0.2954582415001385,0.29561497829985617
1,71,0.008646881449977528,0.02,0.038178880955819894,0.023754862600610795,0.014424018355209099,0.028445607765749288,-0.021410977633468664,68.06674710968478,0.14523098981284296,0.020572399566775257,1.0401254697584792,0.9455531463062719,0.11866361397382137,0.3001360371743267,0.2969081661295605
1,72,0.006243216785280426,0.02,0.0007617092989136154,0.02033811819523384,-0.019576408896320223,0.03816115168809176,-0.028759608015865634,69.55007842727456,0.14559635368031476,0.017229890361098173,1.0361773334315185,0.9519815361562952,0.12214959267444907,0.30384339683535033,0.299317715438969
1,73,0.033872081438008926,0.02,0,0.017291298312258147,-0.017291298312258147,0.02854276320497263,-0.0214843727276115,70.87343364180336,0.14523462081452876,0.015111175642539925,1.0399504175822893,0.9562302444616763,0.11598198489492789,0.31154217465023337,0.3037620621301054
1,74,0.03966200192093743,0.02,0.0308504491630599,0.021803031738851054,0.009047417424208847,0.018828190837022363,-0.014154641097425813,69.84482007909132,0.1448737866708802,0.01762369098498335,1.0449936204813652,0.9691149694579995,0.10803773062447125,0.31802788989310893,0.30853546929017
1,75,0.010657092176844025,0.02,0.039753475514046954,0.02500700928301472,0.014746466231032235,0.028639908928652175,-0.02155776231705364,68.3897811199304,0.1452382519069952,0.0198443663608775,1.0494382750356566,0.9659694753986992,0.11080494807095359,0.31529750786115274,0.31452973807798684
1,76,0.006116602848598109,0.02,0.0031176806069963536,0.020627979292450443,-0.01751029868545409,0.03835350983936564,-0.028905290432451047,69.69369546578689,0.14560363404403062,0.01686669999947514,1.0519041581466002,0.9533271863214514,0.1136107072728953,0.31574228531553983,0.31280356920063224
1,77,0.035853591687237465,0.02,0,0.018583006529735158,-0.018583006529735158,0.028737044937759266,-0.021631146402207646,71.20248237790831,0.1452418830902447,0.014386796934857272,1.0512995243816021,0.9517682127275883,0.10743594402242522,0.31881170193958647,0.3103328888590406
1,78,0.03928410451370095,0.02,0.033182737459581446,0.021030076744988153,0.012152660714593293,0.019024415387136857,-0.014302514204279415,69.82773638559867,0.14488103090353574,0.017598639065473765,1.0432759508294038,0.9519612531915347,0.09901274733635841,0.3158278654231457,0.31445148606170265
1,79,0.007274189804126586,0.02,0.03925994636222474,0.022532245139965965,0.016727701222258775,0.028834171233265465,-0.021704524983486517,68.2501703811766,0.14524551436427938,0.02015699214783063,1.0391683379008771,0.9514021512408631,0.10178333222906957,0.31726122740161344,0.3167122320645157
1,80,0.003636819631012821,0.02,0,0.019570871257677702,-0.019570871257677702,0.03854582952093279,-0.029050950997220326,69.6396246371487,0.1456109147717919,0.01705079112839404,1.033242234621155,0.9542057530215676,0.10524558409672666,0.31858473345146127,0.32241412271317804
1,81,0.03307286908792364,0.02,0,0.016534393000699445,-0.016534393000699445,0.028931287816142116,-0.021777898061302925,70.87459020151182,0.14524914572910158,0.015106691582528153,1.0282682224985844,0.9623289479795748,0.09997793352267316,0.3093355836165626,0.3168204892361485
1,82,0.03997067675990467,0.02,0.02981648185081487,0.021559971007203214,0.008256510843611654,0.019220600694303584,-0.01445036513072162,69.70092539210675,0.14488827549843,0.017902947381138096,1.0350394732509056,0.961614782067783,0.09068855829649383,0.3002731740646636,0.3129301537922323
1,83,0.008886100290997408,0.02,0.04004382500276171,0.023854407728647876,0.016189417274113837,0.02902839468736056,-0.021851265636069872,68.10387727140362,0.14525277718471363,0.02042514024967753,1.048732332714461,0.9613033968237364,0.0928565994138878,0.3022563896189793,0.3107785477677364
1,84,0.005323378879434384,0.02,0.0009331209368561577,0.020690924022430637,-0.01975780308557448,0.03873811074048695,-0.02919658971345107,69.46324320397622,0.14561819586361693,0.017378291189342965,1.0459933040374165,0.9611621776808714,0.09568004615541409,0.29811287238788287,0.3169362989229332
1,85,0.03500942164120005,0.02,0,0.016947506632859984,-0.016947506632859984,0.029125491847891795,-0.021924627708199695,70.7556770030544,0.14525640873111778,0.015305330281641143,1.044113973512117,0.9637390164016456,0.08988760058785729,0.28684101333736245,0.3117878841475525
1,86,0.03882788011997927,0.02,0.03209449653870933,0.021019241731950234,0.011075254806759093,0.019416746766370695,-0.014598193880079324,69.61548536448527,0.14489552045558127,0.01805187796402246,1.036081446304888,0.9718522858399812,0.08584917734769267,0.28892611729999895,0.30052855426908875
1,87,0.00872178970154699,0.02,0.03863255003533528,0.02389045755649871,0.01474209247883657,0.029222579298707047,-0.02199798427810551,68.18871511974739,0.14526004036831625,0.02028139022782023,1.02471999294644,0.9763099312787736,0.0883996929341673,0.2897240431864219,0.2992554979543094
1,88,0.005462352045024537,0.02,0.0006997408042788145,0.01990334752706527,-0.019203606722786457,0.03893035350571995,-0.02934220658442066,69.65450425213986,0.14562547731952385,0.016985148940916413,1.0274780079347008,0.9823639879256834,0.09069319142967192,0.2892909593522869,0.2992790681263865
1,89,0.0348399928285817,0.02,0,0.017290383927820164,-0.017290383927820164,0.02931965704077709,-0.02207133534619976,71.06182444503695,0.14526367209631127,0.014680308972387231,1.0184164427562772,0.9905149329293769,0.08587309971554728,0.2918536751075903,0.29519159187544264
1,90,0.038743148781234235,0.02,0.0318528248691865,0.021103702336766145,0.010749122532420358,0.019612853611184845,-0.014746000455678865,70.074205149696,0.14490276577500752,0.01712247914702922,1.0079514146629522,0.994997592001624,0.0827486525748339,0.29074111754527615,0.2942442233948133
1,91,0.008134946766418714,0.02,0.03849094021490829,0.023913732225048362,0.014577207989859925,0.029416725075073032,-0.02214468091289501,68.68889287050217,0.14526730391510517,0.01924457382005784,1.0043812365206335,0.9931797577103056,0.0843926460083008,0.2891032434093217,0.2855329632597102
1,92,0.004165997478800418,0.02,0,0.019908931085138363,-0.019908931085138363,0.03912255782432226,-0.029487801613405473,70.17224291942169,0.1456327591395309,0.015891922333870767,1.010446676650867,0.9983873199748641,0.08731465536012792,0.29031459893449285,0.2837713711950742
1,93,0.034110556831065474,0.02,0,0.016810887164433477,-0.016810887164433477,0.029513783402565424,-0.022218020978604036,71.5563275672645,0.14527093582470027,0.013634259947025025,1.0035228423625715,0.9878172106793915,0.08200499095698147,0.29542835447487453,0.28507261035210546
1,94,0.03903076520230792,0.02,0.030941206409258237,0.021159974521626317,0.00978123188763192,0.01980892123659112,-0.01489378486084636,70.68676644050508,0.14491001145672697,0.01583729331113173,0.9911388204466588,0.9920109973780946,0.07669139968569495,0.2997782763795821,0.2883916695582461
1,95,0.00770733456391625,0.02,0.03879605744952119,0.02444909826550265,0.014346959184018543,0.02961083202422526,-0.02229135554373962,69.26218890543403,0.1452745678250987,0.017990055835237904,0.9953511105343791,0.9907198234808386,0.07808240529036019,0.3037756771706931,0.27561368597485597
1,96,0.0050039957059793095,0.02,0,0.020342621256267884,-0.020342621256267884,0.039314723703982965,-0.02963337480368211,70.64727993939083,0.14564004132365624,0.014778335520445765,1.002289242418767,0.9979805816268692,0.0807739699908317,0.3068378485025414,0.2753459090273773
1,97,0.03447647653732611,0.02,0,0.017631245054443682,-0.017631245054443682,0.029707870941022747,-0.02236468460871377,72.0586518251433,0.14527819991630286,0.012465115433488582,1.0076809012065058,0.9911398292927018,0.07534906201238918,0.3058599856830413,0.2741103652587266
1,98,0.03981408229542296,0.02,0.03134009634073287,0.02194567095507061,0.00939442538566226,0.02000494965043299,-0.01504154709890737,71.19524506911836,0.1449172575007576,0.014649741503209588,1.0083791913425055,0.9940085448697674,0.07183207173193228,0.3053327016686125,0.2814193776278654
1,99,0.007847474958733574,0.02,0.03969592931329835,0.023240347650598583,0.016455581662699767,0.029804900153928657,-0.022438008173939483,69.7318546962322,0.145281832098315,0.016848631024995155,1.0192261017914683,0.9887819825290235,0.07264730034072713,0.3073549911289875,0.28233167929679337
1,100,0.005756472698908731,0.02,0,0.020075233043058895,-0.020075233043058895,0.03950685115238935,-0.029778926158526065,71.17659287409046,0.1456473238719181,0.013477766952239508,1.0124601683661183,0.9927466830540403,0.07517562943191601,0.3129350780971843,0.28062293311076486
1,101,0.03525564889193534,0.02,0,0.017854807326850682,-0.017854807326850682,0.02990191966391319,-0.022511326239828877,72.57277603322544,0.14528546437113735,0.011190535484252811,1.0163038238789264,0.9904257379300785,0.06998544923272698,0.30699188137731426,0.27927028218754796
1,102,0.04012596351741177,0.02,0.03223343655995303,0.021246668450438894,0.010986768109514138,0.020200938860552357,-0.015189287173186794,71.72990042588845,0.14492450390711764,0.013338123813959147,1.0256885043370174,0.9959635135358192,0.0668713988017693,0.3031604158367412,0.2829854311115196
1,103,0.008618819973385077,0.02,0.0400301911545109,0.024675945430415503,0.015354245724095394,0.029998929471946895,-0.022584638806794732,70.29202422814107,0.1452890967347722,0.015447345082942359,1.0249329601696113,0.9904437076398708,0.0677999668172025,0.2957067984051314,0.2951564972093129
1,104,0.006242257157667056,0.02,0.00042628077961381905,0.020297189376630165,-0.019870908597016346,0.03969894017722743,-0.029924455681212714,71.64516476147115,0.14565460678433467,0.012203603668561814,1.0365751933730643,0.9839306000295721,0.06975275164235498,0.28888558790206875,0.28950542649079136
1,105,0.03619474826053748,0.02,0,0.018865351578081363,-0.018865351578081363,0.030095929578999744,-0.022657945875249386,73.07158414419845,0.1452927291892218,0.009857849928838558,1.0391979090368362,0.9769514143696248,0.06523743806829661,0.28575290877476917,0.28966093989196934
1,106,0.03912738778505016,0.02,0.03331824013791174,0.020873359289030047,0.012444880848881689,0.02039688887478974,-0.015337005087009192,72.03292793374133,0.14493175067582517,0.012422885229597305,1.032558510773634,0.9691318171936276,0.0622965234665463,0.2872640933574795,0.2937099886237131
1,107,0.008082544934561843,0.02,0.03879222456943854,0.023097869956890203,0.015694354612548336,0.03019291998604183,-0.022731247445605063,70.50891730909542,0.14529636173448846,0.014698980328825563,1.0381649659689192,0.9779445197044071,0.06444294133748342,0.29388347790220837,0.3032063517657399
1,108,0.0062244357709376925,0.02,0,0.02077845268175737,-0.02077845268175737,0.03989099078618142,-0.03006996337501655,71.79850567036904,0.14566189006092417,0.01153673772184982,1.0409601818488292,0.9701497630469236,0.06473147425832694,0.2947073188851329,0.29708015292054646
1,109,0.03545796780438371,0.02,0,0.018007113845017873,-0.018007113845017873,0.03028990069404324,-0.022804543518274323,73.16579604078548,0.1452999943705744,0.009326407338711434,1.0467490115806954,0.9709360033144543,0.06021526176745703,0.2936548666254221,0.3048860695498491
1,110,0.03921147375006772,0.02,0.03239774270100604,0.020796959792893116,0.011600782908112922,0.02059279970098362,-0.015484700843698351,72.28033933652151,0.14493899780689834,0.011595856197169189,1.0526697692032625,0.9782624668723053,0.05735191488954789,0.28861766862066635,0.30193700349072267
1,111,0.007862672735461169,0.02,0.038853208192812794,0.022902505157349075,0.01595070303546372,0.030386871703973837,-0.02287783409366939,70.79947090963788,0.14530362709748196,0.01375355179694708,1.0573952798115929,0.9835109508145494,0.057804159851945314,0.28501238694428505,0.2962429531349057
1,112,0.005590832492978214,0.02,0,0.019402817101447953,-0.019402817101447953,0.04008300298693416,-0.030215449243212067,72.02315946108978,0.14566917370170485,0.010699167439425072,1.057479966871907,0.981733641842217,0.0605399923783524,0.2762226679125636,0.30283143860408335
1,113,0.03527753039559967,0.02,0,0.017772004532857343,-0.017772004532857343,0.030483833016803488,-0.022951119172202605,73.2609502890952,0.14530725991521334,0.008762766774270833,1.0566754348414509,0.9759286555469945,0.05630137647611959,0.27785546862027594,0.2949173919469221
1,114,0.041563941469936486,0.02,0.03214300819540483,0.02349933119585214,0.008643676999552694,0.020788671346971568,-0.015632374446577946,72.47211666967286,0.14494624530035521,0.010820788662487233,1.0607248715723265,0.9747909531084643,0.053788325556809506,0.27150516102238825,0.29897273949782616
1,115,0.010103544906844016,0.02,0.04163585570258266,0.024749515500138982,0.016886340202443676,0.03058078463350182,-0.02302439875428619,70.88418839041115,0.14531089282377085,0.013136790660941828,1.0637174957017161,0.9742984193186949,0.05423633608963623,0.2723563280334916,0.29671100092051256
1,116,0.0068632275234935935,0.02,0.0020805478721888093,0.02079759875266939,-0.01871705088048058,0.040274976787166794,-0.030360913289072977,72.05306373640964,0.14567645770669485,0.010188753983219884,1.0531268155341014,0.9773763809382219,0.05509068303156763,0.27327307991256367,0.2905368000227811
1,117,0.03527559932683827,0.02,0,0.017558223538377646,-0.017558223538377646,0.030677726555038476,-0.023097672840332373,73.38018658442864,0.1453145258231567,0.00810867401698648,1.0545165502493166,0.9683530739506329,0.05121161171980668,0.2709881020535138,0.29587997897888707
1,118,0.03980746759759898,0.02,0.032101861255681374,0.02236848682466773,0.009733374431013644,0.020984503820588883,-0.015780025898970873,72.53730393194546,0.14495349315621398,0.010313103561507348,1.0419500356269862,0.9633283761222133,0.049469439130163405,0.27448648614673826,0.2971583533275533
1,119,0.008803284750453133,0.02,0.03948841623836086,0.023701968729738288,0.01578644750862257,0.03077465878238297,-0.02317094143075349,71.06580683799736,0.14531815891337327,0.01240100685503314,1.0347738885190014,0.9563611944925452,0.05073235761076101,0.27923721581559985,0.2981358676598851
1,120,0.005688239541858158,0.02,0.000495188125156476,0.020540371659766906,-0.02004518353461043,0.0404669121945592,-0.03050635551587233,72.15817210086905,0.14568374207591245,0.009568119217991177,1.0343665895768903,0.9558711709496089,0.052791882232213656,0.2741567102637884,0.29723845909966906
1,121,0.0366281703731492,0.02,0,0.018193213319103948,-0.018193213319103948,0.03087158131650483,-0.023244204525961654,73.49408250290962,0.14532179209442278,0.00744990605338321,1.03493373094344,0.9664034402268423,0.047024168690926606,0.2785020790842408,0.29161325224781853
1,122,0.04021901381767435,0.02,0.033681301102767014,0.021803088884408815,0.011878212218358199,0.021180297129669838,-0.015927655204199698,72.6397958488366,0.14496074137449266,0.0096875001377627,1.0415456493116158,0.9696743321316942,0.046360332136599576,0.2806941418929903,0.2925866525118374
1,123,0.006752333245205583,0.02,0.03994225700263998,0.022709912075840524,0.017232344926799457,0.03096849415837312,-0.02331746212636887,70.97921053949162,0.1453254253663075,0.012179550158309092,1.0459836474750321,0.96671555923302,0.04884008847053799,0.28415431293055643,0.2902198092181652
1,124,0.00381142760208104,0.02,0,0.019341082218520825,-0.019341082218520825,0.04065880921678945,-0.030651775926883285,72.14188950382865,0.1456910268093758,0.009230762097115453,1.038451821627273,0.9753130482289603,0.04912280018789737,0.28406176586612114,0.29617035830823457
1,125,0.03535051895493627,0.02,0,0.017539818885429097,-0.017539818885429097,0.031065397308957358,-0.023390714232387477,73.53517604909501,0.1453290587290296,0.007021763856456455,1.038451401731772,0.9713487825112304,0.04527421483785355,0.2827815786786909,0.28983236400429735
1,126,0.03828524289864156,0.02,0.03211385934290045,0.02049646363036923,0.011617395712531224,0.021376051282046886,-0.016075262365586096,72.55945924797048,0.14496798995520946,0.009538392474568285,1.0470590523765813,0.9760547277728979,0.043972867490849714,0.2856904333774763,0.28640995950518344
1,127,0.007720200793344747,0.02,0.03758300413499738,0.023386738360350472,0.014196265774646905,0.03116229076922639,-0.023463960844429366,71.20789535542586,0.14533269218259154,0.011382163122703208,1.0502841000163738,0.9762299747143106,0.043329284022732444,0.2879975262777304,0.28337508809828854
1,128,0.0049140792168359225,0.02,0,0.019690539515530202,-0.019690539515530202,0.040850667861534136,-0.03079717452537778,72.2838152295971,0.14569831190710314,0.008535111314902012,1.0531213112932623,0.981176438915115,0.04638951546195322,0.29535443518800925,0.2909940139582194
1,129,0.03564582632242848,0.02,0,0.017427412811602927,-0.017427412811602927,0.0312591745401495,-0.02353720196290665,73.5880059497349,0.14533632572699548,0.006513813737843517,1.0538176687242404,0.9811650034803202,0.04140861939821018,0.30223756693891957,0.288113007192897
1,130,0.040834910810727314,0.02,0.03242832669060047,0.02157690794156618,0.010851418749034294,0.021571766285551006,-0.016222847386452077,72.95178422428118,0.14497523889838249,0.008334921957716249,1.0533284335010384,0.9888905069350009,0.04025545988810538,0.2999735652089205,0.2899203552662994
1,131,0.009638680867272141,0.02,0.04060140988372862,0.025273374377369928,0.015328035506358695,0.03135604862269554,-0.02361043758823156,71.62491687185494,0.1453399593622437,0.010072880377774348,1.036186742946485,0.9938921984509593,0.03997211310728636,0.3050335648435924,0.2916205858615803
1,132,0.004694156163246488,0.02,0.0013765535998735423,0.020394555831854705,-0.019018002231981163,0.04104248813646859,-0.030942551314627864,72.53833367476253,0.1457055973691127,0.007537323807287928,1.0334856363845824,0.9852916041635554,0.04363112682941586,0.31096937888330944,0.2904545215732486
1,133,0.03703515576585105,0.02,0,0.018342606636661426,-0.018342606636661426,0.03145291301783323,-0.02368366772081576,73.95675287392308,0.14534359308833844,0.005296845455261982,1.036526684250264,0.97537430965055,0.03911159059495002,0.3171275040559974,0.2919046887543904
1,134,0.04015833229912712,0.02,0.034051715632895,0.02223856098849522,0.011813154644399776,0.021767442148011584,-0.01637041027011843,73.12536805690735,0.1449824882040299,0.007533877400917279,1.0199710804031892,0.9821579497871358,0.03790355335426873,0.32425059986233995,0.2922404382505747
1,135,0.008757230117065574,0.02,0.03974992207930561,0.02489470728011529,0.01485521479919032,0.031549767726531515,-0.02375689236107137,71.71607703690138,0.1453472269052821,0.00943792910704171,1.015771149070878,0.9794451878219144,0.03897548249358249,0.3205451083506537,0.2873262024674714
1,136,0.004125278211527393,0.02,0.0002899860964791223,0.020153054529960565,-0.019863068433481443,0.041234270049266226,-0.03108790629790481,72.74450457882057,0.14571288319542267,0.006647907035160326,1.0203571365968396,0.984296369290345,0.04137041351241903,0.3205361580777849,0.2911745676283101
1,137,0.03507818094453597,0.02,0,0.017880536722240527,-0.017880536722240527,0.0316466127497589,-0.0238301115094105,74.17109561807106,0.14535086081307677,0.004421740496434908,1.0222733263009751,0.9855091350298514,0.03710602828742912,0.3218555243239083,0.2998688558666962
1,138,0.0398805104650923,0.02,0.0316717987062487,0.021575493780985756,0.010096304925262943,0.02196307887725652,-0.016517951019905497,73.54448141436966,0.1449897378721697,0.006268578700356062,1.0269467770448795,0.9933926229591611,0.035002112898011375,0.3194391655999049,0.29993319678481345
1,139,0.0059413405798751815,0.02,0.03937687705189541,0.02345782150785741,0.015919055544038,0.031743448088484,-0.023903325166244715,72.06894233364709,0.14535449481172488,0.008283916221042681,1.0209798057704629,0.9902400334185797,0.03630159686257785,0.3209341225936472,0.3001758166707123
1,140,0.0033113210968585124,0.02,0,0.019450995830603057,-0.019450995830603057,0.041426013607599205,-0.031233239478479335,72.94717078034078,0.1457201693860513,0.005757146153734973,1.0252360428413476,0.9907165132823732,0.03828689947062164,0.32572558496511755,0.30348496992843466
1,141,0.035035422180075,0.02,0,0.017963670836700286,-0.017963670836700286,0.0318402737436752,-0.023976533331986127,74.52463842316293,0.14535812890122862,0.0032434253510326477,1.012133436464783,0.9940270918540919,0.03457882246147146,0.3174645622900181,0.31102017335840776
1,142,0.03844858504031783,0.02,0.031581930397570845,0.020988227821854777,0.010593702575716069,0.02215867648111191,-0.0166654696391334,73.85117438951822,0.14499698790282017,0.005216400138712509,1.0075724363014518,1.0008790090853918,0.0322896714894874,0.31046749800744244,0.3122164530333732
1,143,0.00651149435772858,0.02,0.03761991953169175,0.023865771079344587,0.01375414845234716,0.031937089716300764,-0.024049736007046296,72.6215735032736,0.14536176308159024,0.006702530463883567,1.0120521870126675,1.002266531469967,0.03164577708863978,0.2963425174373556,0.3107010813485304
1,144,0.0035639907179433688,0.02,0,0.01873952494753096,-0.01873952494753096,0.041617718819137735,-0.03137855085962149,73.46768188198561,0.1457274559410168,0.004164978639650188,1.0061570767259174,0.9916015425546719,0.03734954422204522,0.2956084052578785,0.3139933574184967
1,145,0.034199717706008104,0.02,0,0.017546964448061777,-0.017546964448061777,0.032033896007329074,-0.024122933191837226,74.80414173113294,0.1453653973528121,0.0021599928729524637,1.0018944218136159,0.9971904407557732,0.03156724327852971,0.2909670352600619,0.3109442696914103
1,146,0.03824146291351032,0.02,0.0305438389384185,0.020537029599818863,0.010006809338599636,0.022354234967402364,-0.016812966131121487,74.42032184403662,0.14500423829599932,0.0035742811754948733,0.9992352725990488,1.003505792785961,0.03176299168353247,0.2860937215077638,0.31531734051702914
1,147,0.005160322714554403,0.02,0.03733188702431356,0.023348770534677776,0.013983116489635784,0.0321306926177283,-0.024196124886770587,73.10920285108823,0.14536903171489635,0.005185889208111761,0.9981940172259222,1.0006260217785576,0.03172033276531314,0.28755190741514136,0.3143178858795383
1,148,0.0021641325838818123,0.02,0,0.01880255986863451,-0.01880255986863451,0.04180938569155103,-0.03152384044460155,73.89186793704968,0.14573474286033736,0.0027340594201839805,0.9940903996330791,0.995433048959966,0.03581596143074707,0.2889533296149618,0.3129538871058587
1,149,0.03332388986476818,0.02,0,0.016033967185600326,-0.016033967185600326,0.03222747954846648,-0.024269311092258272,75.16195246226737,0.1453726661678454,0.0008891523300628862,1.0042270394658632,1.003176815921687,0.03157035697593988,0.29230303022354653,0.3101951305781438
1,150,0.03915254467129621,0.02,0.029458032306033832,0.020673602729131983,0.008784429576901849,0.022549754343951123,-0.016960440499188878,74.76358492721042,0.14501148905172534,0.0023431625039846376,1.000726211715966,0.9986138379213533,0.032043804590562906,0.28815345890916605,0.3064756367931885
1,151,0.006964669696810371,0.02,0.038384609176351336,0.024009331502961508,0.014375277673389829,0.032324256800511646,-0.024342491808712063,73.50808136766808,0.1453763007116614,0.003788265460349135,1.0099207384094278,1.0006239483395645,0.031091224610260447,0.2921528698545289,0.3041850673474344
1,152,0.0029642679479495253,0.02,0,0.01922115111186642,-0.01922115111186642,0.04200101423250658,-0.03166910823668878,74.34219780869967,0.14574203014403117,0.001178679799781365,1.0055683300776512,1.0042319956626669,0.03584642388256074,0.2788641660652198,0.3044645287008664
1,153,0.034086793029087556,0.02,0,0.016795978087255935,-0.016795978087255935,0.03242102437483163,-0.02441566703654341,75.7383401455039,0.14537993534634672,-0.0009053737577036312,1.019908680835634,0.993543837611063,0.03162182796299411,0.27737075715445886,0.3020920343319529
1,154,0.039445103362595234,0.02,0.030331523462927557,0.021908029168151946,0.00842349429477561,0.022745234618579958,-0.017107892746654363,75.3149415121743,0.14501874017001634,0.0006192422153929416,1.0113315336883117,0.9859307366340675,0.03195547813217207,0.2769194220321351,0.29863898899599073
1,155,0.007797617997706072,0.02,0.038695719698567554,0.024005960409933993,0.014689759288633562,0.03251778227239413,-0.02448883677616409,74.07480808925787,0.14538357007190353,0.001980182597284948,1.011043659265285,0.9869012392553272,0.03100475032324137,0.28265416159400286,0.2914121378325615
1,156,0.0031569111670339,0.02,0,0.019017269029832903,-0.019017269029832903,0.04219260444967017,-0.0318143542391518,74.83973160223681,0.14574931779211653,-0.0005593390527538074,1.0190685362311394,0.984722855495811,0.034772827979663,0.2838623383058557,0.2943824496079959
1,157,0.03454435164868084,0.02,0,0.01672520535828957,-0.01672520535828957,0.03261453049416684,-0.02456200102798567,76.29343946779886,0.14538720488833423,-0.0027389527032794154,1.0266628401601345,0.990288380344055,0.03178196545156372,0.28111696147930665,0.2923785890416625
1,158,0.03949591435006716,0.02,0.030839985009812887,0.020981886011343293,0.009858098998469594,0.022940675799108474,-0.0172553228768354,75.84716372041736,0.14502599165089045,-0.0011425229850462858,1.028935621636738,0.983924828814401,0.031843437494210064,0.28984287446361584,0.28984477782112233
1,159,0.008653427728193198,0.02,0.03871695359890204,0.025174807622128658,0.01354214597677338,0.03271126904111736,-0.024635159792419814,74.6602610228555,0.14539083979564096,5.632293525789521e-05,1.0310312566305337,0.9797595168699055,0.031016685214950497,0.29197070449789186,0.2978446720541319
1,160,0.004622872981968746,0.02,0,0.019854992971381626,-0.019854992971381626,0.042384156350706234,-0.03195957845525921,75.47225898874807,0.14575660580461164,-0.0026618151034586758,1.0321946428785924,0.978127517947423,0.03510866739778773,0.2902480398932855,0.3069294466705183
1,161,0.035666856175976216,0.02,0,0.018206993238316347,-0.018206993238316347,0.03280799791421327,-0.024708313069877974,76.92293104046018,0.1453944747938261,-0.00481736958907873,1.02869651517656,0.973668266929064,0.031213431986871466,0.2900516018049893,0.3037652347354596
1,162,0.04086007227105248,0.02,0.03214363990129998,0.02270992076737568,0.009433719133924302,0.023136077893355377,-0.017402730893049778,76.54469501733828,0.14503324349436578,-0.0033374403026401123,1.0194955285838792,0.9666103043897307,0.03182758476451216,0.28482117371677307,0.3030686650562309
1,163,0.007055173951232085,0.02,0.040313189911730385,0.02486606294886798,0.015447126962862406,0.032904717114421826,-0.02478146086077182,75.13421826970554,0.1453981098828918,-0.0017434954458492896,1.0254591176456769,0.9737639373082033,0.03100460514536583,0.2775408714307222,0.3034708624794509
1,164,0.004216030409335954,0.02,0,0.019979739298364985,-0.019979739298364985,0.042575669943277605,-0.03210478088827884,75.87015662916392,0.1457638941815347,-0.004374503891458553,1.014831459666857,0.9754487982019909,0.03547450705579486,0.2789375931502057,0.3043507414064235
1,165,0.03561885162508943,0.02,0,0.017278528251918356,-0.017278528251918356,0.033001426642710385,-0.02485460316551269,77.23368902017558,0.1454017450628405,-0.006324730963135439,1.0214192847766839,0.9650633921909162,0.03140569987016286,0.27633929706441,0.30441151023443613
1,166,0.03893519839868782,0.02,0.03204757630625288,0.020789207857748664,0.011258368448504214,0.023331440909137427,-0.017550116798614623,76.79397098578725,0.1450404957004605,-0.004674628763780527,1.025779781438937,0.9608408729280954,0.03167184015033242,0.2744092896139395,0.3042392526587982
1,167,0.006525384330651643,0.02,0.037965346148864265,0.024059993344325674,0.013905352804538591,0.03309812650004608,-0.024927739984512143,75.53935387128004,0.1454053803336743,-0.0034250376581347677,1.016046180609565,0.9574161982538512,0.03143830535742802,0.2731543120809169,0.30093834953683696
1,168,0.0025503809032439238,0.02,0,0.01825571772909956,-0.01825571772909956,0.042767145235045635,-0.03224996154147797,76.1464603808808,0.14577118292290395,-0.0058426839823145504,1.0114291743976254,0.961256399249382,0.034330738175876854,0.2744175487503612,0.30810280915970883
1,169,0.03454537820390169,0.02,0,0.018258893908278766,-0.018258893908278766,0.033194816687396045,-0.025000871318181628,77.54043952315581,0.1454090156953956,-0.007816264639790047,1.0026927409917243,0.9497764435310847,0.030893428527152343,0.272649272614042,0.3075191658753707
1,170,0.03859636069568367,0.02,0.03072539358105697,0.020760190737349984,0.009965202843706986,0.02352676485427003,-0.017697480596846393,77.20081112178325,0.14504774826919267,-0.006332286436724469,1.0016631348544878,0.9549509365391895,0.03191340578573879,0.2794503454915718,0.3186562873826725
1,171,0.005636813871091169,0.02,0.037519530339984675,0.023498069515941647,0.014021460824043028,0.0332914972057273,-0.025073997166932482,75.9722563584058,0.14541265114800664,-0.005168310554063981,1.004146509749116,0.9477428385165918,0.030351089571741586,0.2789451430706264,0.324795608573005
1,172,0.002158193249090561,0.02,0,0.019322566330023338,-0.019322566330023338,0.042958582233670085,-0.032395120418123646,76.52406575676281,0.14577847202873756,-0.007534396857580949,0.9987304232191299,0.9474561474045967,0.03552747831506368,0.28479361395275776,0.32116466591755477
1,173,0.03266916966177395,0.02,0,0.015899388819532588,-0.015899388819532588,0.03338816805600675,-0.025147117531176266,77.73047416037583,0.14541628669150966,-0.00909188710503306,0.9885602504621719,0.9464988707780025,0.03169976919802644,0.2949249293809433,0.3198515673517009
1,174,0.038553977860152626,0.02,0.02844417406573929,0.020964775296115984,0.007479398769623308,0.02372204973656676,-0.017844822291061102,77.5815938206754,0.14505500120058054,-0.007956837811960486,0.9915954035117395,0.950074356781556,0.03235452657506803,0.29209026100620866,0.3148789966958026
1,175,0.00343628748626461,0.02,0.03742913941714621,0.02157809993493335,0.015851039482212857,0.033484829239201076,-0.025220232411323984,76.18126806655322,0.14541992232590692,-0.0064643262309702085,0.9834641500090654,0.9537299406903755,0.030434686441540557,0.29624582933452975,0.31831253078588245
1,176,0.004012282389553643,0.02,0,0.01988738584201174,-0.01988738584201174,0.043149980946809025,-0.03254025752148204,76.81940833731015,0.1457857614990538,-0.009058416954746481,0.992375773919878,0.9496676945035634,0.03526682352868205,0.3063817395036095,0.314953975759064
1,177,0.033296164808889805,0.02,0,0.01651875626274262,-0.01651875626274262,0.03358148075627707,-0.025293341807787306,78.02325072076903,0.14542355805120072,-0.010585055380112028,0.9809604218608535,0.9462267735960175,0.030892347956780666,0.3071027015932352,0.3080888084195155
1,178,0.03741315392845057,0.02,0.029155034150266657,0.019864986814793616,0.009290047335473041,0.023917295563839844,-0.017992141884573987,77.83894764740046,0.14506225449464216,-0.009341196971206599,0.9798734071983657,0.9486835073427484,0.03268510519749158,0.3035180147660191,0.3044842979326039
1,179,0.0051243285036519795,0.02,0.03602226835188982,0.02329771958070383,0.012724548771185989,0.03367812260820142,-0.025366445720977238,76.66304935193403,0.14542719386739333,-0.008347819089734967,0.9765674396658657,0.9415359502223366,0.031138671063063735,0.30572461110236987,0.3021043404975953
1,180,0.002767342098412376,0.02,0,0.018345681239838044,-0.018345681239838044,0.04334134138211937,-0.032685372854819206,77.07522069211699,0.14579305133387094,-0.010539610740240804,0.9749362480894896,0.9459559684801924,0.03597537106219123,0.2964628127247356,0.2933183473567473
1,181,0.03430749422129303,0.02,0,0.0173732206001815,-0.0173732206001815,0.03377475479594057,-0.025439544151305116,78.39980720118352,0.14543082977448707,-0.012281240121488535,0.9620289084191525,0.9490104005079004,0.03159859548854844,0.29479333007334435,0.28433635691847364
1,182,0.03823409905721449,0.02,0.030325353853629,0.02138381956548555,0.008941534288143451,0.02411250234390002,-0.018139439380700506,78.26066386630882,0.14506950815139566,-0.011097656859727545,0.9550280819279883,0.9634220466199483,0.03303173471634412,0.29516555165394803,0.2880282342451554
1,183,0.004719361033215564,0.02,0.03696662364484782,0.022493976469551556,0.014472647175296262,0.033871377320461075,-0.025512637099182278,76.99562090655479,0.14543446577248417,-0.009983744005936985,0.9541064250348901,0.9614633256713594,0.03136397752521914,0.29908794496176855,0.29883451761630203
1,184,0.0031390120863056563,0.02,0,0.01923436801980212,-0.01923436801980212,0.04353266354725645,-0.03283046642140075,77.54120613724719,0.14580034153320717,-0.012508910025863199,0.9505704649153544,0.9706595336259771,0.036866555059678494,0.29682587274631395,0.3043691623388592
1,185,0.03306343105083774,0.02,0,0.016103484806864698,-0.016103484806864698,0.033967990182728953,-0.02558572456501984,78.77014360678311,0.14543810186138684,-0.01402205136746529,0.9570508400728805,0.9686625491837489,0.032729958894878265,0.2908632028584106,0.31105003504736933
1,186,0.03802786106865299,0.02,0.028799946409783228,0.020811370059890553,0.007988576349892675,0.024307670084556206,-0.018286714782754898,78.62517692330466,0.1450767621708592,-0.012790346305404246,0.9526300667426552,0.9584198601599873,0.03304370189105163,0.300450685093663,0.3126921490461947
1,187,0.004683451251522128,0.02,0.03667993556112581,0.023580401940321283,0.013099533620804526,0.034064593383710644,-0.025658806549228808,77.37062590480225,0.1454417380411975,-0.011724412143390064,0.9494851136901693,0.9633558790943028,0.03133754577626336,0.3037468993131987,0.3100809051462246
1,188,0.0032063426155957944,0.02,0,0.019822899404850377,-0.019822899404850377,0.04372394744987355,-0.032975538224491285,77.8864238961351,0.14580763209708064,-0.01424774641630344,0.9550479242121052,0.9584897604262539,0.036092993583490766,0.30828658198144077,0.314121451449285
1,189,0.03397220658332226,0.02,0,0.01662518636077353,-0.01662518636077353,0.03416118692437226,-0.025731883052220628,79.20683121635302,0.14544537431191826,-0.015912879791949754,0.965950983779031,0.967763420184989,0.031416009689748774,0.2993514462031839,0.30415564890231206
1,190,0.03836073868047987,0.02,0.029847589416727605,0.02089833702873222,0.008949252387995384,0.024502798793615967,-0.01843396809405118,79.05975787832124,0.14508401655305098,-0.014641242293208566,0.9602633483527532,0.9675279068633637,0.03325648438808832,0.3043045766202748,0.3027599377294958
1,191,0.0032543988871471703,0.02,0.03703937497494936,0.022083239264331495,0.014956135710617862,0.0342577708056798,-0.025804954074406194,77.67556996833663,0.1454490106735515,-0.013377577935689906,0.9699893952187267,0.9614700781542388,0.03227208207392596,0.3026074219000135,0.3017236369480972
1,192,0.002832644703596076,0.02,0,0.018915366015471124,-0.018915366015471124,0.04391519309762305,-0.03312058826735542,78.03731986584717,0.14581492302550972,-0.015654252144995752,0.9733389642877364,0.9672493776250167,0.03581360393003339,0.31126971575780626,0.307444350634277
1,193,0.03368634016529137,0.02,0,0.016740084724634934,-0.016740084724634934,0.034354345028599256,-0.025878019616196513,79.43256303286314,0.14545264712609945,-0.017433334685604613,0.9842780599450219,0.9683827348836496,0.03225299916189469,0.3121391495269576,0.31082933857003614
1,194,0.040090396664588725,0.02,0.029467474169315944,0.022056105900560348,0.007411368268755596,0.024697888478885262,-0.01858119931790314,79.43508192228333,0.14509127129798902,-0.016423888809542445,0.9681455874876487,0.9635317808115124,0.03327923028402697,0.30442897282817777,0.31537057957327125
1,195,0.005836170381090427,0.02,0.03907309858923025,0.02355167140866439,0.015521427180565858,0.0344509095940964,-0.025951079678002587,78.07901018042921,0.14545628366956445,-0.015260993754158568,0.9616173641712215,0.9593882261225067,0.032872734989617264,0.30514631649613294,0.3232758825092247
1,196,0.0013500571912268334,0.02,0,0.018164218253567007,-0.018164218253567007,0.04410640049815549,-0.033265616553257105,78.36168041679896,0.1458222143185125,-0.017477094846176943,0.974330965633406,0.9530124276433621,0.03749595000090005,0.3109651728493064,0.31344480776579337
1,197,0.035931570841858246,0.02,0,0.017732785128953578,-0.017732785128953578,0.034547464503137004,-0.026024134260235643,79.71256618989875,0.1454599203039487,-0.019129735317784297,0.9796076877393339,0.9603176307148982,0.033488453856873955,0.31334034189090626,0.3069198018282614
1,198,0.03909498364477982,0.02,0.03211279978826531,0.02037749595468535,0.011735303833579961,0.024892939148168352,-0.01872840845762369,79.40833805579825,0.1450985264056915,-0.017464091082854936,0.9884625027839861,0.9564226348197505,0.034464063781614276,0.3162839685539981,0.30975576202576327
1,199,0.005739678146418861,0.02,0.03784037806208862,0.023515183739160183,0.014325194322928437,0.03464400975668673,-0.026097183363306575,78.05894073585405,0.14546355702925443,-0.016384633420019095,0.9872967738957709,0.9436562700893113,0.0327824766861718,0.31733416302605705,0.31224928066474883
1,200,0.0036584982250408593,0.02,0,0.01995140062395976,-0.01995140062395976,0.04429756965911986,-0.033410623085459834,78.42240926429318,0.14582950597610733,-0.01878129573372477,0.9971626999394305,0.9410607438773515,0.03720167967521641,0.3103245192767247,0.3136668580098223
1,201,0.03465475493838144,0.02,0,0.016951434573976444,-0.016951434573976444,0.03474054535571099,-0.026170226987626277,79.66455515694696,0.14546719384548404,-0.020177870365206615,1.001092101572571,0.9395612441267357,0.03336235403477874,0.30321431516557185,0.31387861543849455
1,202,0.040483763905103096,0.02,0.030547992999171436,0.021666972893347937,0.0088810201058235,0.025087950809268136,-0.01887559551652518,79.55516339847487,0.14510578187617662,-0.018858179845569787,0.9974308274347243,0.9417387168520815,0.03336519790804173,0.297305541445318,0.31409398559630286
1,203,0.006224862986279591,0.02,0.03946557070020296,0.02353611006603921,0.015929460634163745,0.03483707130117546,-0.026243265133605753,78.14237691992074,0.1454708307526397,-0.01765993925243565,0.9951756555922788,0.9456639280686135,0.03315834540566562,0.30313953698433993,0.31051568418935854
1,204,0.0024772698120018766,0.02,0,0.019329876755991075,-0.019329876755991075,0.04448870058816374,-0.033555607867226334,78.5216799306656,0.14583679799831234,-0.020163732966123664,0.9977872488243243,0.9433275295368685,0.036697849245604,0.2995377056428603,0.317354594018832
1,205,0.034327323679563364,0.02,0,0.016539118380982345,-0.016539118380982345,0.03493358759404532,-0.026316297801655564,79.78443403480446,0.14547446775072376,-0.02156348280397882,0.9999629696992527,0.94449669818801,0.0327024745296155,0.29916415209628855,0.312627964513866
1,206,0.03936821595546222,0.02,0.030118214336424476,0.0210660134476114,0.009052200888813075,0.025282923469985803,-0.019022760497919844,79.60014505996928,0.14511303770946252,-0.02005285390475389,1.0041541209899103,0.9435684093555021,0.03411600588370537,0.3018619999528929,0.3171149394849878
1,207,0.008344284165899808,0.02,0.03808888047775616,0.02421563883279895,0.01387324164495721,0.0350300942352859,-0.026389324992187047,78.3903448544815,0.14547810483973841,-0.019275368641224304,1.0104329773293015,0.9485946834648998,0.03294410452713201,0.3034554307092628,0.32047001913865514
1,208,0.0036859491415655774,0.02,0,0.019805707061153206,-0.019805707061153206,0.04467979329293303,-0.03370057090181933,78.67941330437522,0.1458440903851458,-0.02162860876853805,1.0019187376751837,0.9440732184058336,0.03696182145280028,0.298572314552336,0.31858072058255194
1,209,0.03349843532264036,0.02,0,0.01579926208380428,-0.01579926208380428,0.0351265912258624,-0.02646234670561065,79.91080346031852,0.145481742019686,-0.02293112389008122,0.9897662302936721,0.9331466616269946,0.03401543782105471,0.28691982701615415,0.31596714175746293
1,210,0.03804986697224213,0.02,0.029089295537787274,0.020654310865201597,0.008434984672585678,0.025477857138121066,-0.01916990340511926,79.61561505591735,0.1451202939055672,-0.02116167575884423,0.9953796564498141,0.930199966847969,0.03486220846018503,0.2947103966869562,0.3137549326150343
1,211,0.006503798842158077,0.02,0.0364696003424303,0.023705065008171718,0.01276453533425858,0.0352230785667399,-0.02653536294233738,78.42384906189041,0.14548537929056876,-0.0204300789136884,1.00123165880292,0.9379203150064681,0.034130755055264396,0.29311156918061804,0.3165853291638621
1,212,0.0029198806957715672,0.02,0,0.019890754426538485,-0.019890754426538485,0.04487084778107248,-0.03384551219250087,78.76980223847946,0.14585138313662602,-0.022907440804572864,1.001408179519237,0.9358562070983696,0.0363610090983669,0.29578919052507646,0.3167491743213166
1,213,0.03480986216898064,0.02,0,0.016905520385407394,-0.016905520385407394,0.03531955625888315,-0.0266083737027778,79.99710201705656,0.14548901665238895,-0.024161285903761535,0.9941347135656062,0.9332252293863179,0.03372610952962538,0.2910299859022985,0.31997666005147
1,214,0.03940126650584149,0.02,0.030618070661997843,0.02130745528397025,0.009310615378027593,0.025672751821471933,-0.019317024241434222,80.00636107728575,0.14512755046450893,-0.022957238789922476,0.9976490842158925,0.9347583599595415,0.035129940009956,0.29120493155192206,0.3144340339682629
1,215,0.005461446628717298,0.02,0.03804956796389214,0.02340992020914448,0.014639647754747659,0.03541602430325724,-0.026681378987342685,78.66301055156181,0.14549265410514892,-0.022007862367919535,0.9949797700370041,0.9389882168426581,0.03323439021275864,0.2883179072122344,0.3172595445046662
1,216,0.0036294056218489916,0.02,0,0.020335945493967836,-0.020335945493967836,0.04506186406022471,-0.033990431742532246,78.88488421513622,0.14585867625277113,-0.02432168147047347,0.986893420916362,0.9465242741957319,0.036581759563708335,0.2857255612899592,0.3180081281046737
1,217,0.034518362582797356,0.02,0,0.016459695906239736,-0.016459695906239736,0.03551248270082692,-0.026754378796442824,80.06395539084865,0.14549629164885092,-0.025441687389015456,0.9924129803861993,0.9464546934550306,0.032825932401876375,0.28988453442421486,0.31631195498461234
1,218,0.038953953065418,0.02,0.030231305142439213,0.02073149924427715,0.009499805898162062,0.025867607527835162,-0.019464123010175527,79.8984468917587,0.14513480738630588,-0.02384792987905618,0.9857226253536531,0.9380618410538248,0.03451947774350029,0.29349935068154,0.3123209810542318
1,219,0.006212579250141843,0.02,0.03747409641749844,0.02340495337026458,0.014069143047233858,0.035608931452556815,-0.026827373130488885,78.58676485619077,0.14549992928349711,-0.022969217785786155,0.9926897344172129,0.9522625185756936,0.03269950677713791,0.29331741244253395,0.30316345194001487
1,220,0.0038098589828976003,0.02,0,0.020198510074420178,-0.020198510074420178,0.04525284213803127,-0.03413532955517473,78.92776591110287,0.1458659697335994,-0.025539208883877233,0.996314714253063,0.9603552402034703,0.03662848950097055,0.29343339565466364,0.2994979506456285
1,221,0.03501219139267589,0.02,0,0.016986038965105223,-0.016986038965105223,0.035705370559411566,-0.02690036198989154,80.18662357255182,0.1455035670090899,-0.026778673448892194,1.0028211097281001,0.9569432521378384,0.03263409648102168,0.2995402249976649,0.3064902086543281
1,222,0.039709286664464626,0.02,0.030783073642835168,0.020770640745289264,0.010012432897545904,0.026062424265005688,-0.019611199714653305,79.96430053436718,0.145142064670976,-0.025026609469613176,0.99755654537115,0.9488566125039964,0.033827466165094355,0.2927865773033296,0.31355797906839405
1,223,0.005550473872035904,0.02,0.03833983741702518,0.023774871743845582,0.014564965673179598,0.03580180002235568,-0.026973345375061242,78.6742254828158,0.14550720482563145,-0.024238485152549453,0.9956808111788887,0.9433509534150107,0.0320554260872791,0.29712771335410015,0.3247646168047704
1,224,0.0011336423490751046,0.02,0,0.018880082294385727,-0.018880082294385727,0.04544378202213215,-0.0342802056336885,78.76880133807833,0.14587326357912903,-0.02640129914383031,0.9819041124002313,0.9389247878099227,0.035889454950110124,0.29555251435033814,0.3240429699777465
1,225,0.03391363400805322,0.02,0,0.01632841371452339,-0.01632841371452339,0.03589821984235345,-0.027046323286408658,79.97863726815196,0.14551084273312417,-0.02751198933067334,0.9921540628119901,0.9341920693062462,0.03199941296333431,0.2968786941881318,0.31322132172339195
1,226,0.04057302195607425,0.02,0.029431997309812497,0.021490596078450545,0.007941401231361951,0.026257202040776976,-0.019758254358176686,79.991608736678,0.1451493223185377,-0.02618132070965957,0.9909859622918656,0.9429188044602821,0.03353057209123087,0.303654087791519,0.31416542540188236
1,227,0.005073886671562503,0.02,0.03933558405212145,0.023222305891761778,0.016113278160359675,0.035994630020369185,-0.02711929572434424,78.60886702726839,0.14551448073157028,-0.02520583737026181,0.9919047918177593,0.9390007139246727,0.03099628657467517,0.30585449436256645,0.3151824009187608
1,228,0.002344374825944697,0.02,0,0.019343952588620397,-0.019343952588620397,0.04563468372016553,-0.03442505998133383,78.68384281509391,0.1458805577893783,-0.027379021888185383,0.9935046867788708,0.929127543150306,0.03519763795711563,0.300581718517102,0.32131437605119645
1,229,0.03556548578529826,0.02,0,0.017389587580543507,-0.017389587580543507,0.03609103055736716,-0.027192262689278546,79.93219061699673,0.14551811882097196,-0.02851568611522379,0.9910743147411387,0.914957513883048,0.03194314306394069,0.29634224782421376,0.3218401382704417
1,230,0.0409933202482952,0.02,0.031367551795383974,0.02100354678046999,0.010364005014913986,0.026451940862940775,-0.019905286944055245,79.85429248738293,0.14515658032900894,-0.02695803916401612,0.9913907139701724,0.9112935728912298,0.033426266175056785,0.30085462727171536,0.33025790686287226
1,231,0.006160211280830428,0.02,0.03979990383876397,0.025485517952763617,0.014314385886000355,0.036187421454311336,-0.02726522418162214,78.56592308818678,0.14552175700133163,-0.026230490519109077,0.9972888585370938,0.919328706024362,0.03154616366791541,0.29635008539856117,0.32295293754590093
1,232,0.002596110860043409,0.02,0,0.020558263660431123,-0.020558263660431123,0.045825547239768186,-0.03456989260137022,78.72285233178275,0.14588785236436547,-0.02861463288443196,0.9990260977032911,0.9209430915067247,0.03627481658394951,0.29459146050623525,0.32177538176155207
1,233,0.036404503185420156,0.02,0,0.017422546307069225,-0.017422546307069225,0.03628380271216588,-0.027338180201785245,79.895318418704,0.1455253952726515,-0.029552543184930957,0.999089037286385,0.9180123199285294,0.03206119490518456,0.2969294317431266,0.31988822843377346
1,234,0.04083095913747956,0.02,0.03233196079790779,0.020409488673596595,0.011922472124311193,0.026646640739287478,-0.020052297475597114,79.90558979681146,0.1451638387024079,-0.028129986489634485,1.004784257668859,0.9255590878668809,0.033445043477499777,0.2976290632178948,0.3167843108190091
1,235,0.004764966140705453,0.02,0.039565862422765274,0.02311773707428653,0.016448125348478743,0.03638017433189464,-0.027411130750178536,78.4155795941423,0.14552903363493375,-0.0270706029684547,1.008499304718724,0.9143917509401446,0.03099229830857538,0.2941371601237901,0.30854255709632844
1,236,0.0034226489756302796,0.02,0,0.019594764498647915,-0.019594764498647915,0.046016372588575674,-0.03471470349705663,78.43378778337026,0.14589514730410869,-0.02919179096853993,1.0059981334526111,0.9254450563560627,0.035685363325948,0.29953558861860297,0.3110309385219564
1,237,0.03443954972466777,0.02,0,0.016232347631459153,-0.016232347631459153,0.03647653631446144,-0.02748407582721224,79.59849101492517,0.1455326720881808,-0.030095572994849603,1.0110339519214107,0.9232071146443972,0.031919159282255624,0.2939249424898576,0.3090300287871557
1,238,0.04176631441066382,0.02,0.02994541958349073,0.02124773106605245,0.008697688517438278,0.026841301677605997,-0.020199285956110535,79.68664695408452,0.14517109743875284,-0.028775582172561032,1.0081966994399727,0.920797664935956,0.033788213744538595,0.29833682349570684,0.30261755376601024
1,239,0.00526838373717851,0.02,0.04064756506490874,0.02415014535347998,0.016497419711428762,0.0365728886608299,-0.027557015433296805,78.27533104679539,0.14553631063239486,-0.02781506543966028,1.0109505900559856,0.9181563563745635,0.032101804381193935,0.29846051553959474,0.3052894678227633
1,240,0.0021753636143994775,0.02,0,0.018373904365076302,-0.018373904365076302,0.04620715977422162,-0.03485949267165189,78.27432274937186,0.1459024426086263,-0.029969216891850156,1.007909148028899,0.9090234164812593,0.035583470774031706,0.301728307117041,0.29426885509944745
1,241,0.0353865322503256,0.02,0,0.016756986315103816,-0.016756986315103816,0.03666923137196386,-0.027629949568842682,79.49431165611118,0.1455399492675782,-0.03093679681505897,1.0114211607224797,0.912027143759148,0.03172182270793028,0.30255442473564104,0.3009321550863378
1,242,0.040815482140299314,0.02,0.031038631195627664,0.020866509750798304,0.01017212144482936,0.02703592368568354,-0.020346252388903197,79.55077200348619,0.14517835653806174,-0.02952299163691505,1.001905557585238,0.9085363656142519,0.03318855139534745,0.30160770044664353,0.3053345187948328
1,243,0.005852724222001673,0.02,0.03946849563612975,0.023734404522126287,0.015734091114003465,0.03676556444882669,-0.027702878234259987,78.24255791375273,0.1455435879937331,-0.028810382848198098,1.0098733323292195,0.9085269971244523,0.03154271950474245,0.2930296586481266,0.3096341873154502
1,244,0.003582053379976366,0.02,0,0.019744158674301883,-0.019744158674301883,0.04639790880433838,-0.035004260128413844,78.25432498006558,0.1459097382779365,-0.030975045500398195,1.0187738327938256,0.9086653370692206,0.03569661338881429,0.28810434773895555,0.30905549246250263
1,245,0.03669170601591507,0.02,0,0.017281366548390017,-0.017281366548390017,0.03686188789238179,-0.027775801429958946,79.56711786503078,0.14554722681086188,-0.03207681536596903,1.0175805812746004,0.9058992038372159,0.0326208195715453,0.2904853747278462,0.3038488897706767
1,246,0.0414244745557192,0.02,0.03256008354604911,0.020916952697244477,0.011643130848804636,0.027230506771305615,-0.02049319677728212,79.43225755040905,0.14518561600035282,-0.03023498161487694,1.0168545802384437,0.9161813599757721,0.03470502195195724,0.2879708961223877,0.2996591854099212
1,247,0.0059566020471259725,0.02,0.04015897257705037,0.024208550543125002,0.015950422033925365,0.03695820170359252,-0.0278487191563499,78.01983236228612,0.14555086571896675,-0.029374701932145284,1.018020568752391,0.9180855847221102,0.03178305463721408,0.28576412596473993,0.29023745533929585
1,248,0.001506811326908546,0.02,0,0.01889588578250682,-0.01889588578250682,0.04658861968655663,-0.035149005870600325,77.92903071389769,0.1459170343120575,-0.03140326672359363,1.0150550406890693,0.9020976473308566,0.03562645876088619,0.2882035960188121,0.28383854953278925
1,249,0.03449793790820081,0.02,0,0.016560850780754185,-0.016560850780754185,0.03705450588342216,-0.02792163141384285,79.09848246498434,0.14555450471805004,-0.032211063311073374,1.0067663649538077,0.8944630246063157,0.03201852515437151,0.2878845175899906,0.2822216081377285
1,250,0.04187042971577642,0.02,0.029900346508564768,0.022005009559931153,0.007895336948633615,0.02742505094225635,-0.02064011912455377,79.25903204787127,0.14519287582564433,-0.03091259561651303,0.9924833499717237,0.8995051925965557,0.033912601277392276,0.28332848816473116,0.2837644838706243
1,251,0.004300489449685634,0.02,0.04065407706528901,0.022990380566288944,0.017663696499000063,0.03715080043283376,-0.027994538202848362,77.84655954462247,0.14555814380811394,-0.0300101418731592,0.9928311365192539,0.8947121981161547,0.03270927662056723,0.2887781852446793,0.28606494139659056
1,252,0.0027649978045472512,0.02,0,0.02031029990729323,-0.02031029990729323,0.04677929242850541,-0.03529372990146806,77.92873511245479,0.1459243307110076,-0.03240371953886985,0.9856117661893943,0.8858315148375708,0.03611725998910506,0.2851805903983295,0.2947022287502071
1,253,0.0345957231738593,0.02,0,0.01631567600490476,-0.01631567600490476,0.03724708535279046,-0.028067439523776216,79.08562717227841,0.1455617829891608,-0.03315243727137741,0.9928630461941831,0.8899678099010617,0.03320283255311063,0.28370277341473465,0.2884607054531046
1,254,0.041138587848997994,0.02,0.029978918162689938,0.021815877056657197,0.008163041106032741,0.027619556206318407,-0.02078701943402428,79.39958156520235,0.14520013601395423,-0.03213311853093244,0.9943451642669441,0.8931172495143261,0.03429232077337834,0.27895427637623366,0.27565668892167217
1,255,0.043382381887410025,0.02,0.03973758947952977,0.02287881463736452,0.016858774842165247,0.017895751768381617,-0.013452064164735655,78.9175767279269,0.14483938754749073,-0.03043089019725466,0.9938289781058341,0.8969200504613843,0.03500341780220304,0.27741116581020614,0.27569779606092304
1,256,0.0055759610253384466,0.02,0.04441116105767984,0.025990359013448146,0.01842080204423169,0.02771679425069783,-0.020860461325617252,77.32063502554129,0.14520376624424677,-0.029425440467140195,0.9860921444947421,0.8930110655791405,0.032181575426934,0.2812940748334841,0.27660810351471915
1,257,0.0012100860412620573,0.02,0,0.01982775340081742,-0.01982775340081742,0.03743962630819089,-0.02821322576303975,77.17600492236497,0.14556906162421243,-0.03148229807698559,0.9874380104295644,0.897083122935519,0.038195912311805545,0.2844264595357189,0.2774715354903339
1,258,0.0006367862504594339,0.02,0,0.01749950470850766,-0.01749950470850766,0.04706523004510905,-0.03551077524617152,77.91809439191178,0.14593527599352715,-0.03400771158776434,0.9865160357331598,0.9010259947822356,0.04030479565373772,0.27677807292909673,0.27574248391572087
1,259,0.03392177559615676,0.02,0,0.015599385815712883,-0.015599385815712883,0.03753588234556014,-0.028286110682195775,79.517835081463,0.14557270107822176,-0.03559992097073979,0.9816095915520162,0.8969733374365315,0.036561130114307734,0.279936714603765,0.27290262715838987
1,260,0.03963245955629419,0.02,0.029116542187787253,0.021574674724115298,0.007541867463671956,0.02791124116901574,-0.021007328584583984,78.98363887224848,0.14521102697711855,-0.03284643077187574,0.9765539317278735,0.8861374160292206,0.03696277153276655,0.2807377638878342,0.2798319428914717
1,261,0.003648085767515818,0.02,0.037874016340806005,0.023632591506683162,0.014241424834122843,0.037632128757325634,-0.028358990134914275,77.78879550606892,0.1455763406232231,-0.03241136394626553,0.9803309424604696,0.8805553599409944,0.033583774018415925,0.2872442094572454,0.2749247780774024
1,262,0.0007474797983783328,0.02,0,0.019107006981744487,-0.019107006981744487,0.04725580746975243,-0.035655445012989895,77.59471923440206,0.14594257330462973,-0.03428925021839345,0.9762760261537621,0.8784513637188046,0.03501803957210991,0.2886896688529902,0.27390536002919275
1,263,-0.0008572293080974805,0.02,0,0.015709188988342435,-0.015709188988342435,0.05678324939505489,-0.04289710778858391,77.61853133096719,0.14630972733339503,-0.035396596388327366,0.967687168493145,0.8712719040882725,0.03650397368488786,0.29393016870711547,0.28346751598209435
1,264,0.0319052472967796,0.02,0,0.014792788863437175,-0.014792788863437175,0.0473510818890054,-0.03572777175872466,79.02081599493444,0.14594622209701466,-0.03660591496461854,0.9425060434576081,0.8618408336332917,0.03355899923436638,0.28869507814778067,0.289032686121501
1,265,0.03736179375324961,0.02,0.024776820620584505,0.02003856408767189,0.0047382565329126165,0.037824592707895476,-0.028504732642679498,79.10284129537933,0.14558361998621105,-0.03509462022076601,0.9357851441098295,0.8684484536600582,0.03577328843563809,0.2834613221515055,0.28833056863314677
1,266,0.04131391527125555,0.02,0.0331692518732718,0.023413680406652582,0.009755571466619217,0.028202838634974456,-0.021227588168682865,79.1591659898417,0.14522191875717655,-0.034319915366829344,0.937336931057209,0.8605481505921638,0.03530520260897066,0.2817440931341879,0.2909301399978916
1,267,0.003804342088445785,0.02,0.03982968700959155,0.024825973842702676,0.015003713166888876,0.03792081024862477,-0.028577595698546232,77.81967657714634,0.14558725980420223,-0.03376985042447419,0.9410899052393062,0.8681440366549427,0.03204845038173341,0.28304472660922153,0.2937863190332442
1,268,0.0006331139945765612,0.02,0,0.019200848528132104,-0.019200848528132104,0.04754160214613853,-0.03587240897687971,77.4979842347421,0.14595351995546355,-0.03551096099142304,0.9409385206352886,0.8803680214261819,0.03831430661335841,0.28378089686662844,0.2947392349921925
1,269,-0.0012270081032917162,0.02,0,0.01686688587252215,-0.01686688587252215,0.05706618612467719,-0.04311244248018431,77.99521966704667,0.14632070152319068,-0.03757334297345034,0.9419165589687662,0.8837790260538052,0.039483309585154606,0.28512530887162896,0.29147016483169136
1,270,0.03298742824804941,0.02,0,0.015287848247414037,-0.015287848247414037,0.047636847985923964,-0.03594471945011379,79.51115323216281,0.14595716902153186,-0.03894729158090729,0.9493433020717461,0.8861079870058478,0.03651250064218114,0.28585718342984356,0.28871701230097896
1,271,0.03739664105714166,0.02,0.026010619517601752,0.020140155645335833,0.005870463872265919,0.03811321646578324,-0.02872330541629675,79.22527364979369,0.14559453971319014,-0.03665192778458645,0.9369731737679072,0.8884091571141387,0.03721611844454803,0.28203909517194603,0.2863281408175256
1,272,0.004429751412597409,0.02,0.033153441227181224,0.023244428416418744,0.00990901281076248,0.04773208430112538,-0.036017024499994554,78.30328582733256,0.1459608181788326,-0.03672827395039864,0.9322953474745324,0.8814525043901743,0.03313830855156234,0.2799503061831081,0.28373112972810655
1,273,0.0013266113751335097,0.02,0,0.01892299419705697,-0.01892299419705697,0.057254763458114095,-0.04325597202542408,78.04575039495614,0.14632801810701518,-0.03844769533085356,0.9369867754155009,0.8817221838641639,0.03544835878599977,0.29246121790901974,0.27633656046729693
1,274,0.0326592088872937,0.02,0,0.016312392989188965,-0.016312392989188965,0.04782731109269525,-0.03608932412692867,79.0476575714566,0.14596446742736793,-0.038775960788924736,0.9362913927975807,0.8939420136340286,0.032878819925042824,0.28895513024674496,0.2752066469696036
1,275,0.03673724640567422,0.02,0.025582140883273485,0.019972454471519064,0.005609686411754421,0.03830558420362217,-0.028868993278135968,79.45644562194512,0.1456018199862008,-0.037855655621508326,0.9418073977339368,0.9083350754930033,0.034205415573662606,0.2858451959440523,0.2742074938479358
1,276,0.04137158540060977,0.02,0.032327197965037247,0.023107750578642318,0.009219447386394929,0.028688640045658416,-0.02159457735811099,79.42819454870842,0.1452400735394257,-0.036926703013709705,0.9353162865354809,0.9083406096835771,0.0347971276589339,0.2872633268833583,0.27286764393245305
1,277,0.003290882622438851,0.02,0.03980055526093884,0.024144416173479885,0.015656139087458956,0.038401753645201896,-0.028941829014113463,78.03981319352351,0.14560546025922036,-0.036336346831986145,0.9329170036251144,0.9106928468711925,0.03261272946530129,0.28712894138965095,0.26759467542066795
1,278,0.00012157076427212356,0.02,0,0.01909919998050002,-0.01909919998050002,0.04801773610874989,-0.03623390711358443,77.6428655577468,0.1459717661981517,-0.03803744131885376,0.9314039431839689,0.9137539554864453,0.03772438871883539,0.28921989723482905,0.26326657831039185
1,279,-0.0016241472636906507,0.02,0,0.016645748346868328,-0.016645748346868328,0.057537558747662386,-0.043471225977617656,78.11999301151192,0.14633899366873887,-0.04007054795243271,0.935952547870994,0.9023654198582229,0.03894442655754771,0.28830330195231335,0.2647238760175544
1,280,0.03283304042343443,0.02,0,0.01521340336627076,-0.01521340336627076,0.04811293433513902,-0.036306190474119315,79.60391100869467,0.14597541572040465,-0.04131387550370916,0.9348854085719377,0.9004913513456307,0.035896765276429037,0.28710780049128076,0.2702396918113595
1,281,0.03711254044240181,0.02,0.025733398588184908,0.020130387274427293,0.005603011313757615,0.03859406367849044,-0.029087484098232474,79.4024988001205,0.14561274107829933,-0.03911665195249818,0.9400158875701561,0.8979878938063535,0.03687220747015696,0.28766599208842863,0.27834744129280753
1,282,0.0025398936824108645,0.02,0.03271827229407509,0.022595527261777236,0.010122745032297854,0.04820812304170556,-0.03637846841333425,78.41227996287964,0.14597906533390137,-0.03914009267790353,0.9413438200699501,0.894971914574009,0.0332797644473742,0.2946301780451292,0.2669965251334572
1,283,0.00025458436832762293,0.02,0,0.01904688638591718,-0.01904688638591718,0.057726041811288493,-0.04361470170667836,78.011655123827,0.14634631116723926,-0.040657073594880494,0.9438090767436308,0.8871603436193566,0.035845253093907486,0.29831918421703824,0.2595826294907367
1,284,-0.0014629122794279597,0.02,0,0.01593375264928203,-0.01593375264928203,0.06714878139317557,-0.05079659512636936,78.21994493585669,0.146714480896766,-0.04214219956714985,0.9343861807752594,0.8829140246559639,0.037892104062155596,0.30111979360057245,0.2649419289543539
1,285,0.03291405606359422,0.02,0,0.016243768720576045,-0.016243768720576045,0.057820269207107346,-0.04368643150069895,79.42632090003517,0.14634997005370173,-0.042810716290163815,0.9323071746645485,0.8910916978656409,0.03513501552750646,0.3058405368364087,0.2660726574981107
1,286,0.03696774828735694,0.02,0.023940246880592486,0.020137678682630427,0.003802568197962059,0.04839847189917839,-0.036523008029431425,79.2720308401444,0.14598636483463515,-0.04069045522143184,0.937712186894629,0.8831305032903793,0.036499316862258956,0.3070739915796487,0.25615814075407356
1,287,0.0030426076660369753,0.02,0.030606764871611958,0.021658939546600753,0.008947825325011205,0.057914487180186595,-0.04375815591491772,78.40482078043063,0.14635362903164204,-0.04090652899854935,0.9201717436546342,0.8871869408067846,0.03279629472482348,0.29935772787212744,0.25531048778715737
1,288,-0.00037806841354680266,0.02,0,0.017656710877589972,-0.017656710877589972,0.06733534230838473,-0.05093897207752829,77.99059855705185,0.146721817171036,-0.04237426587954802,0.9198478117190583,0.8907388967137438,0.03515103204855064,0.298881295491665,0.2611214846874915
1,289,-0.0009443672850035251,0.02,0,0.01574547033741362,-0.01574547033741362,0.07666198888530085,-0.058065864516679055,77.90986117159656,0.14709093157721875,-0.043262359700468885,0.9180340879806407,0.87825380307339,0.036112073234725275,0.3021947007180226,0.2599817279511198
1,290,0.030884984887021995,0.02,0,0.014425791028784225,-0.014425791028784225,0.06742860877415387,-0.05101015254440422,79.04014708918346,0.14672548544573527,-0.04380880881325849,0.9252436562569105,0.8738178057358346,0.033493617134771086,0.3065675367759142,0.2664737732758689
1,291,0.03601891239125892,0.02,0.019681300030542248,0.019832333064857346,-0.0001510330343150977,0.05810289486189538,-0.0439015886055637,79.53629090098552,0.14636094726196547,-0.04299178070522298,0.928584694049364,0.8758165417774283,0.03625310511418253,0.29877185094978914,0.2634334632137069
1,292,0.039856225246337015,0.02,0.027579910997270973,0.023235250874926876,0.004344660122344097,0.048683923810514326,-0.03673977680384233,79.47034178872394,0.14599731477012112,-0.04180629616646659,0.9344548645192438,0.8749253899318585,0.03648158677808701,0.29441805625614026,0.25739985279623057
1,293,0.004469797634487755,0.02,0.03399633385916867,0.023640305861852524,0.010356027997316147,0.05819708457240915,-0.04397329688279783,78.42644534087306,0.14636460651435315,-0.04181255723386701,0.9350305640606225,0.8762604524518228,0.03413391478467821,0.29550706021692336,0.24906934367863584
1,294,0.0022151458193444664,0.02,0,0.019792628227640944,-0.019792628227640944,0.06761511372668508,-0.05115249746275141,78.19833296180575,0.146732822270274,-0.04375940406974015,0.9275872946820858,0.86579229271155,0.03709261247638291,0.2975014456943785,0.24835854550628478
1,295,0.03348025757028136,0.02,0,0.016751547120097486,-0.016751547120097486,0.05829126486395194,-0.04404499978184406,78.96684777717398,0.14636826585822785,-0.04348848611678549,0.9377655504384453,0.8706827929506351,0.03388283554893881,0.29702477489847123,0.25218157918678447
1,296,0.039160876143536895,0.02,0.024522604988443497,0.021020367020049502,0.0035022379683939953,0.048874177512591474,-0.03688426222503571,79.46790088748523,0.14600461518339516,-0.04257661263469087,0.9504089360062243,0.8678732417587637,0.03383819080604552,0.3114019393830338,0.25517363997336323
1,297,0.04170151035551267,0.02,0.03312918899321926,0.02366016680198335,0.00946902219123591,0.03936291928771743,-0.02966988599031295,79.8211966018505,0.14564186799547973,-0.04234417159025206,0.9546809661735212,0.855101071145276,0.0340558341261287,0.3020722286565072,0.2514629679896526
1,298,0.005104655236148878,0.02,0.03805048218915652,0.02445264130800649,0.013597840881150031,0.04896929009484029,-0.03695649680832758,78.5318807844039,0.14600826552692406,-0.04209704398529234,0.9452421430692339,0.8534807873114587,0.03338445702380372,0.29994613402268816,0.2503247660952312
1,299,0.001058926078765798,0.02,0,0.019012670498397586,-0.019012670498397586,0.05847959719389189,-0.044188389446985776,78.00422847028503,0.14637558482044755,-0.043659329902487096,0.9446937182081537,0.846173271798875,0.03722262305513339,0.29336605868117654,0.2537406581495198
1,300,-0.00020758824144310914,0.02,0,0.017079590587547478,-0.017079590587547478,0.067894801221953,-0.0513659748077655,78.4652580348384,0.1467438281949667,-0.04562159110150238,0.9463342335517939,0.8414163947207332,0.037866118620009145,0.2965293537590225,0.250335965272677
