"date","exp_inflation"
2001-11-07,5.52
2001-11-08,5.67
2001-11-09,5.39
2001-11-12,5.4
2001-11-13,5.43
2001-11-14,5.49
2001-11-16,5.44
2001-11-19,5.43
2001-11-20,5.43
2001-11-21,5.44
2001-11-22,5.44
2001-11-23,5.45
2001-11-26,5.46
2001-11-27,5.5
2001-11-28,5.51
2001-11-29,5.54
2001-11-30,5.57
2001-12-03,5.56
2001-12-04,5.56
2001-12-05,5.57
2001-12-06,5.57
2001-12-07,5.59
2001-12-10,5.59
2001-12-11,5.56
2001-12-12,5.16
2001-12-13,5.16
2001-12-14,5.12
2001-12-17,5.12
2001-12-18,5.09
2001-12-19,5.11
2001-12-20,5.04
2001-12-21,5.01
2001-12-24,5
2001-12-26,4.98
2001-12-27,4.94
2001-12-28,4.85
2001-12-31,4.84
2002-01-02,4.81
2002-01-03,4.8
2002-01-04,4.76
2002-01-07,4.74
2002-01-08,4.76
2002-01-09,4.74
2002-01-10,4.75
2002-01-11,4.72
2002-01-14,4.72
2002-01-15,4.73
2002-01-16,4.73
2002-01-17,4.73
2002-01-18,4.75
2002-01-21,4.74
2002-01-22,4.75
2002-01-23,4.75
2002-01-24,4.75
2002-01-25,4.76
2002-01-28,4.79
2002-01-29,4.76
2002-01-30,4.76
2002-01-31,4.76
2002-02-01,4.77
2002-02-04,4.76
2002-02-05,4.77
2002-02-06,4.76
2002-02-07,4.77
2002-02-08,4.68
2002-02-11,4.66
2002-02-13,4.66
2002-02-14,4.65
2002-02-15,4.65
2002-02-18,4.65
2002-02-19,4.64
2002-02-20,4.64
2002-02-21,4.65
2002-02-22,4.67
2002-02-25,4.67
2002-02-26,4.66
2002-02-27,4.68
2002-02-28,4.7
2002-03-01,4.72
2002-03-04,4.72
2002-03-05,4.75
2002-03-06,4.76
2002-03-07,4.78
2002-03-08,4.78
2002-03-11,4.78
2002-03-12,4.71
2002-03-13,4.73
2002-03-14,4.79
2002-03-15,4.82
2002-03-18,4.82
2002-03-19,4.81
2002-03-20,4.81
2002-03-21,4.81
2002-03-22,4.85
2002-03-25,4.91
2002-03-26,4.93
2002-03-27,4.95
2002-03-28,4.94
2002-04-01,4.97
2002-04-02,4.98
2002-04-03,4.99
2002-04-04,5.07
2002-04-05,5.1
2002-04-08,5.11
2002-04-09,5.09
2002-04-10,4.91
2002-04-11,4.89
2002-04-12,4.9
2002-04-15,4.92
2002-04-16,4.91
2002-04-17,4.87
2002-04-18,4.86
2002-04-19,4.86
2002-04-22,4.84
2002-04-23,4.85
2002-04-24,4.89
2002-04-25,4.91
2002-04-26,4.91
2002-04-29,4.9
2002-04-30,4.9
2002-05-02,4.9
2002-05-03,4.9
2002-05-06,4.89
2002-05-07,4.9
2002-05-08,4.9
2002-05-09,4.9
2002-05-10,4.37
2002-05-13,4.38
2002-05-14,4.38
2002-05-15,4.4
2002-05-16,4.39
2002-05-17,4.41
2002-05-20,4.41
2002-05-21,4.4
2002-05-22,4.4
2002-05-23,4.39
2002-05-24,4.39
2002-05-27,4.38
2002-05-28,4.37
2002-05-29,4.38
2002-05-31,4.37
2002-06-03,4.37
2002-06-04,4.38
2002-06-05,4.39
2002-06-06,4.39
2002-06-07,4.39
2002-06-10,4.38
2002-06-11,4.37
2002-06-12,4.32
2002-06-13,4.33
2002-06-14,4.37
2002-06-17,4.4
2002-06-18,4.4
2002-06-19,4.41
2002-06-20,4.43
2002-06-21,4.45
2002-06-24,4.5
2002-06-25,4.55
2002-06-26,4.56
2002-06-27,4.59
2002-06-28,4.57
2002-07-01,4.64
2002-07-02,4.65
2002-07-03,4.7
2002-07-04,4.72
2002-07-05,4.76
2002-07-08,4.8
2002-07-09,4.82
2002-07-10,4.77
2002-07-11,4.81
2002-07-12,4.85
2002-07-15,4.89
2002-07-16,4.9
2002-07-17,4.91
2002-07-18,4.93
2002-07-19,4.95
2002-07-22,4.96
2002-07-23,4.97
2002-07-24,4.99
2002-07-25,5.01
2002-07-26,5
2002-07-29,5.02
2002-07-30,5.04
2002-07-31,5.08
2002-08-01,5.15
2002-08-02,5.15
2002-08-05,5.21
2002-08-06,5.25
2002-08-07,5.25
2002-08-08,5.29
2002-08-09,4.79
2002-08-12,4.86
2002-08-13,4.89
2002-08-14,4.91
2002-08-15,4.94
2002-08-16,4.97
2002-08-19,5.12
2002-08-20,5.18
2002-08-21,5.22
2002-08-22,5.22
2002-08-23,5.24
2002-08-26,5.28
2002-08-27,5.31
2002-08-28,5.37
2002-08-29,5.39
2002-08-30,5.4
2002-09-02,5.53
2002-09-03,5.54
2002-09-04,5.56
2002-09-05,5.59
2002-09-06,5.63
2002-09-09,5.7
2002-09-10,5.63
2002-09-11,5.63
2002-09-12,5.65
2002-09-13,5.7
2002-09-16,5.78
2002-09-17,5.78
2002-09-18,5.8
2002-09-19,5.84
2002-09-20,5.81
2002-09-23,5.87
2002-09-24,5.89
2002-09-25,5.92
2002-09-26,6.04
2002-09-27,6.27
2002-09-30,6.28
2002-10-01,6.36
2002-10-02,6.53
2002-10-03,6.53
2002-10-04,6.53
2002-10-07,6.59
2002-10-08,6.64
2002-10-09,6.55
2002-10-10,6.56
2002-10-11,6.66
2002-10-14,6.84
2002-10-15,6.91
2002-10-16,7.27
2002-10-17,7.66
2002-10-18,7.92
2002-10-21,7.95
2002-10-22,8.15
2002-10-23,8.22
2002-10-24,8.41
2002-10-25,8.64
2002-10-28,8.71
2002-10-29,8.73
2002-10-30,8.79
2002-10-31,8.94
2002-11-01,9.39
2002-11-04,9.74
2002-11-05,9.83
2002-11-06,9.91
2002-11-07,9.93
2002-11-08,10.13
2002-11-11,10.18
2002-11-12,10.03
2002-11-13,10.49
2002-11-14,10.78
2002-11-18,11
2002-11-19,11.08
2002-11-20,11.15
2002-11-21,11.23
2002-11-22,11.5
2002-11-25,11.76
2002-11-26,12.09
2002-11-27,12.12
2002-11-28,12.28
2002-11-29,12.47
2002-12-02,12.54
2002-12-03,12.68
2002-12-04,12.73
2002-12-05,12.9
2002-12-06,11.42
2002-12-09,11.62
2002-12-10,11.68
2002-12-11,11.74
2002-12-12,11.9
2002-12-13,12.1
2002-12-16,12.12
2002-12-17,12.17
2002-12-18,12.43
2002-12-19,12.75
2002-12-20,12.87
2002-12-23,12.91
2002-12-24,12.92
2002-12-26,12.98
2002-12-27,13.09
2002-12-30,13.2
2002-12-31,13.24
2003-01-02,13.27
2003-01-03,13.35
2003-01-06,13.48
2003-01-07,13.55
2003-01-08,13.52
2003-01-09,13.51
2003-01-10,11.85
2003-01-13,11.86
2003-01-14,11.78
2003-01-15,11.71
2003-01-16,11.73
2003-01-17,11.7
2003-01-20,11.78
2003-01-21,11.85
2003-01-22,11.8
2003-01-23,11.79
2003-01-24,11.8
2003-01-27,11.83
2003-01-28,11.81
2003-01-29,11.81
2003-01-30,11.72
2003-01-31,11.72
2003-02-03,11.73
2003-02-04,11.75
2003-02-05,11.78
2003-02-06,11.89
2003-02-07,11.94
2003-02-10,11.98
2003-02-11,11.98
2003-02-12,12.01
2003-02-13,10.76
2003-02-14,10.84
2003-02-17,10.97
2003-02-18,11
2003-02-19,11.01
2003-02-20,10.96
2003-02-21,11
2003-02-24,10.99
2003-02-25,11.02
2003-02-26,11.04
2003-02-27,11.05
2003-02-28,11.07
2003-03-05,11.13
2003-03-06,11.2
2003-03-07,11.21
2003-03-10,11.22
2003-03-11,11.24
2003-03-12,11.27
2003-03-13,11.18
2003-03-14,9.99
2003-03-17,9.94
2003-03-18,9.88
2003-03-19,9.83
2003-03-20,9.82
2003-03-21,9.85
2003-03-24,9.85
2003-03-25,9.9
2003-03-26,9.92
2003-03-27,9.91
2003-03-28,9.92
2003-03-31,9.9
2003-04-01,9.9
2003-04-02,9.9
2003-04-03,9.87
2003-04-04,9.86
2003-04-07,9.79
2003-04-08,9.8
2003-04-09,9.76
2003-04-10,9.33
2003-04-11,9.33
2003-04-14,9.32
2003-04-15,9.28
2003-04-16,9.31
2003-04-17,9.35
2003-04-22,9.34
2003-04-23,9.3
2003-04-24,9.24
2003-04-25,9.25
2003-04-28,9.28
2003-04-29,9.25
2003-04-30,9.18
2003-05-02,9.13
2003-05-05,9.14
2003-05-06,9.06
2003-05-07,9.05
2003-05-08,9.01
2003-05-09,8.98
2003-05-12,8.92
2003-05-13,8.33
2003-05-14,8.36
2003-05-15,8.32
2003-05-16,8.32
2003-05-19,8.33
2003-05-20,8.26
2003-05-21,8.25
2003-05-22,8.21
2003-05-23,8.22
2003-05-26,8.21
2003-05-27,8.2
2003-05-28,8.22
2003-05-29,8.23
2003-05-30,8.23
2003-06-02,8.19
2003-06-03,8.18
2003-06-04,8.12
2003-06-05,8.14
2003-06-06,8.14
2003-06-09,8.11
2003-06-10,8.06
2003-06-11,7.95
2003-06-12,7.87
2003-06-13,7.83
2003-06-16,7.79
2003-06-17,7.79
2003-06-18,7.77
2003-06-20,7.67
2003-06-23,7.5
2003-06-24,7.57
2003-06-25,7.42
2003-06-26,7.34
2003-06-27,7.21
2003-06-30,7.08
2003-07-01,7.03
2003-07-02,6.99
2003-07-03,6.94
2003-07-04,6.87
2003-07-07,6.83
2003-07-08,6.8
2003-07-09,7.26
2003-07-10,7.2
2003-07-11,7.18
2003-07-14,7.14
2003-07-15,7.06
2003-07-16,7.02
2003-07-17,6.91
2003-07-18,6.87
2003-07-21,6.86
2003-07-22,6.75
2003-07-23,6.66
2003-07-24,6.6
2003-07-25,6.49
2003-07-28,6.43
2003-07-29,6.42
2003-07-30,6.41
2003-07-31,6.39
2003-08-01,6.36
2003-08-04,6.31
2003-08-05,6.31
2003-08-06,6.31
2003-08-07,6.27
2003-08-08,6.81
2003-08-11,6.73
2003-08-12,6.72
2003-08-13,6.69
2003-08-14,6.63
2003-08-15,6.58
2003-08-18,6.53
2003-08-19,6.51
2003-08-20,6.43
2003-08-21,6.38
2003-08-22,6.39
2003-08-25,6.37
2003-08-26,6.37
2003-08-27,6.36
2003-08-28,6.36
2003-08-29,6.32
2003-09-01,6.3
2003-09-02,6.28
2003-09-03,6.28
2003-09-04,6.27
2003-09-05,6.24
2003-09-08,6.24
2003-09-09,6.43
2003-09-10,6.43
2003-09-11,6.44
2003-09-12,6.47
2003-09-15,6.48
2003-09-16,6.48
2003-09-17,6.5
2003-09-18,6.49
2003-09-19,6.5
2003-09-22,6.5
2003-09-23,6.5
2003-09-24,6.49
2003-09-25,6.5
2003-09-26,6.54
2003-09-29,6.56
2003-09-30,6.56
2003-10-01,6.56
2003-10-02,6.56
2003-10-03,6.58
2003-10-06,6.59
2003-10-07,6.62
2003-10-08,6.6
2003-10-09,6.29
2003-10-10,6.28
2003-10-13,6.26
2003-10-14,6.25
2003-10-15,6.26
2003-10-16,6.25
2003-10-17,6.25
2003-10-20,6.26
2003-10-21,6.16
2003-10-22,6.17
2003-10-23,6.17
2003-10-24,6.17
2003-10-28,6.17
2003-10-29,6.17
2003-10-30,6.15
2003-10-31,6.15
2003-11-03,6.13
2003-11-04,6.13
2003-11-05,6.13
2003-11-06,6.07
2003-11-07,6.06
2003-11-10,6.05
2003-11-11,6.02
2003-11-12,6
2003-11-13,6
2003-11-14,5.97
2003-11-17,5.96
2003-11-18,5.94
2003-11-19,5.93
2003-11-20,5.91
2003-11-21,5.88
2003-11-24,5.87
2003-11-25,5.86
2003-11-26,5.86
2003-11-27,5.85
2003-11-28,5.8
2003-12-01,5.78
2003-12-02,5.78
2003-12-03,5.77
2003-12-04,5.77
2003-12-05,5.84
2003-12-08,5.83
2003-12-09,5.82
2003-12-10,5.83
2003-12-11,5.83
2003-12-12,5.85
2003-12-15,5.83
2003-12-16,5.84
2003-12-17,5.85
2003-12-18,5.85
2003-12-19,5.85
2003-12-22,5.86
2003-12-23,5.87
2003-12-26,5.9
2003-12-29,5.9
2003-12-30,5.92
2004-01-02,5.92
2004-01-05,5.94
2004-01-06,5.94
2004-01-07,5.94
2004-01-08,5.93
2004-01-09,5.94
2004-01-12,5.92
2004-01-14,5.95
2004-01-15,5.96
2004-01-16,5.91
2004-01-19,5.93
2004-01-20,5.93
2004-01-21,5.93
2004-01-22,5.93
2004-01-23,5.94
2004-01-26,6
2004-01-27,5.98
2004-01-28,5.99
2004-01-29,5.99
2004-01-30,6.01
2004-02-02,6.01
2004-02-03,6.03
2004-02-04,6.04
2004-02-05,6.04
2004-02-06,6.04
2004-02-09,6.07
2004-02-10,6.06
2004-02-11,6.05
2004-02-12,6.06
2004-02-13,5.73
2004-02-16,5.76
2004-02-17,5.74
2004-02-18,5.72
2004-02-19,5.73
2004-02-20,5.72
2004-02-25,5.73
2004-02-26,5.73
2004-02-27,5.74
2004-03-01,5.74
2004-03-02,5.74
2004-03-03,5.75
2004-03-04,5.74
2004-03-05,5.74
2004-03-08,5.75
2004-03-09,5.74
2004-03-10,5.74
2004-03-11,5.45
2004-03-12,5.47
2004-03-15,5.48
2004-03-16,5.49
2004-03-17,5.49
2004-03-18,5.49
2004-03-19,5.49
2004-03-22,5.51
2004-03-23,5.52
2004-03-24,5.52
2004-03-25,5.53
2004-03-26,5.51
2004-03-29,5.51
2004-03-30,5.53
2004-03-31,5.54
2004-04-01,5.54
2004-04-02,5.55
2004-04-05,5.56
2004-04-06,5.56
2004-04-07,5.49
2004-04-08,5.48
2004-04-12,5.5
2004-04-13,5.51
2004-04-14,5.52
2004-04-15,5.53
2004-04-16,5.59
2004-04-19,5.59
2004-04-20,5.59
2004-04-22,5.6
2004-04-23,5.63
2004-04-26,5.62
2004-04-27,5.61
2004-04-28,5.6
2004-04-29,5.6
2004-04-30,5.6
2004-05-03,5.6
2004-05-04,5.6
2004-05-05,5.6
2004-05-06,5.59
2004-05-07,5.55
2004-05-10,5.59
2004-05-11,5.59
2004-05-12,5.64
2004-05-13,5.65
2004-05-14,5.67
2004-05-17,5.68
2004-05-18,5.68
2004-05-19,5.69
2004-05-20,5.77
2004-05-21,5.85
2004-05-24,5.88
2004-05-25,5.92
2004-05-26,5.92
2004-05-27,5.97
2004-05-28,5.99
2004-05-31,5.98
2004-06-01,6.02
2004-06-02,6.04
2004-06-03,6.07
2004-06-04,6.11
2004-06-07,6.12
2004-06-08,5.98
2004-06-09,6.05
2004-06-11,6.07
2004-06-14,6.1
2004-06-15,6.12
2004-06-16,6.12
2004-06-17,6.17
2004-06-18,6.22
2004-06-21,6.22
2004-06-22,6.25
2004-06-23,6.25
2004-06-24,6.28
2004-06-25,6.3
2004-06-28,6.3
2004-06-29,6.31
2004-06-30,6.33
2004-07-01,6.35
2004-07-02,6.43
2004-07-05,6.44
2004-07-06,6.46
2004-07-07,6.46
2004-07-08,6.48
2004-07-09,6.25
2004-07-12,6.26
2004-07-13,6.29
2004-07-14,6.29
2004-07-15,6.28
2004-07-16,6.26
2004-07-19,6.29
2004-07-20,6.29
2004-07-21,6.3
2004-07-22,6.32
2004-07-23,6.33
2004-07-26,6.33
2004-07-27,6.35
2004-07-28,6.36
2004-07-29,6.36
2004-07-30,6.36
2004-08-02,6.4
2004-08-03,6.39
2004-08-04,6.39
2004-08-05,6.43
2004-08-06,6.44
2004-08-09,6.42
2004-08-10,6.42
2004-08-11,6.19
2004-08-12,6.2
2004-08-13,6.19
2004-08-16,6.21
2004-08-17,6.21
2004-08-18,6.22
2004-08-19,6.22
2004-08-20,6.23
2004-08-23,6.25
2004-08-24,6.25
2004-08-25,6.27
2004-08-26,6.24
2004-08-27,6.25
2004-08-30,6.26
2004-08-31,6.27
2004-09-01,6.32
2004-09-02,6.32
2004-09-03,6.35
2004-09-06,6.36
2004-09-08,6.36
2004-09-09,6.37
2004-09-10,6.23
2004-09-13,6.26
2004-09-14,6.22
2004-09-15,6.22
2004-09-16,6.22
2004-09-17,6.24
2004-09-20,6.24
2004-09-21,6.26
2004-09-22,6.25
2004-09-23,6.26
2004-09-24,6.25
2004-09-27,6.25
2004-09-28,6.25
2004-09-29,6.24
2004-09-30,6.24
2004-10-01,6.25
2004-10-04,6.26
2004-10-05,6.23
2004-10-06,6.22
2004-10-07,6.22
2004-10-08,6.17
2004-10-11,6.22
2004-10-13,6.21
2004-10-14,6.17
2004-10-15,6.2
2004-10-18,6.2
2004-10-19,6.2
2004-10-20,6.19
2004-10-21,6.18
2004-10-22,6.22
2004-10-25,6.22
2004-10-26,6.22
2004-10-27,6.24
2004-10-28,6.22
2004-10-29,6.22
2004-11-03,6.21
2004-11-04,6.2
2004-11-05,6.2
2004-11-08,6.19
2004-11-09,6.19
2004-11-10,6.18
2004-11-11,6.19
2004-11-12,6.19
2004-11-16,6.2
2004-11-17,6.23
2004-11-18,6.24
2004-11-19,6.24
2004-11-22,6.25
2004-11-23,6.26
2004-11-24,6.26
2004-11-25,6.27
2004-11-26,6.3
2004-11-29,6.3
2004-11-30,6.3
2004-12-01,6.3
2004-12-02,6.31
2004-12-03,6.31
2004-12-06,6.31
2004-12-07,6.32
2004-12-08,6.07
2004-12-09,6.05
2004-12-10,6.06
2004-12-13,6.08
2004-12-14,6.08
2004-12-15,6.08
2004-12-16,6.08
2004-12-17,6.08
2004-12-20,6.08
2004-12-21,6.08
2004-12-22,6.07
2004-12-23,6.09
2004-12-27,6.09
2004-12-28,6.08
2004-12-29,6.08
2004-12-30,6.08
2005-01-03,6.08
2005-01-04,6.08
2005-01-05,6.07
2005-01-06,6.08
2005-01-07,6.09
2005-01-10,6.08
2005-01-11,6.09
2005-01-12,6.08
2005-01-13,6.07
2005-01-14,5.73
2005-01-17,5.73
2005-01-18,5.73
2005-01-19,5.73
2005-01-20,5.73
2005-01-21,5.74
2005-01-24,5.75
2005-01-25,5.75
2005-01-26,5.74
2005-01-27,5.74
2005-01-28,5.74
2005-01-31,5.74
2005-02-01,5.74
2005-02-02,5.74
2005-02-03,5.75
2005-02-04,5.75
2005-02-09,5.75
2005-02-10,5.74
2005-02-11,5.74
2005-02-14,5.63
2005-02-15,5.64
2005-02-16,5.65
2005-02-17,5.64
2005-02-18,5.63
2005-02-21,5.62
2005-02-22,5.61
2005-02-23,5.61
2005-02-24,5.59
2005-02-25,5.59
2005-02-28,5.61
2005-03-01,5.62
2005-03-02,5.63
2005-03-03,5.63
2005-03-04,5.66
2005-03-07,5.65
2005-03-08,5.65
2005-03-09,5.66
2005-03-10,5.67
2005-03-11,5.54
2005-03-14,5.55
2005-03-15,5.56
2005-03-16,5.55
2005-03-17,5.56
2005-03-18,5.58
2005-03-21,5.6
2005-03-22,5.61
2005-03-23,5.65
2005-03-24,5.63
2005-03-28,5.64
2005-03-29,5.63
2005-03-30,5.65
2005-03-31,5.67
2005-04-01,5.67
2005-04-04,5.69
2005-04-05,5.69
2005-04-06,5.74
2005-04-07,5.75
2005-04-08,5.55
2005-04-11,5.58
2005-04-12,5.59
2005-04-13,5.58
2005-04-14,5.59
2005-04-15,5.67
2005-04-18,5.69
2005-04-19,5.7
2005-04-20,5.72
2005-04-22,5.76
2005-04-25,5.79
2005-04-26,5.82
2005-04-27,5.82
2005-04-28,5.82
2005-04-29,5.87
2005-05-02,5.87
2005-05-03,5.87
2005-05-04,5.88
2005-05-05,5.88
2005-05-06,5.9
2005-05-09,5.91
2005-05-10,5.91
2005-05-11,5.49
2005-05-12,5.47
2005-05-13,5.47
2005-05-16,5.49
2005-05-17,5.49
2005-05-18,5.47
2005-05-19,5.48
2005-05-20,5.46
2005-05-23,5.45
2005-05-24,5.42
2005-05-25,5.4
2005-05-27,5.4
2005-05-30,5.4
2005-05-31,5.39
2005-06-01,5.38
2005-06-02,5.38
2005-06-03,5.36
2005-06-06,5.35
2005-06-07,5.35
2005-06-08,5.34
2005-06-09,5.34
2005-06-10,5.14
2005-06-13,5.12
2005-06-14,5.12
2005-06-15,5.1
2005-06-16,5.09
2005-06-17,5.07
2005-06-20,5.06
2005-06-21,5.03
2005-06-22,5.01
2005-06-23,4.98
2005-06-24,4.93
2005-06-27,4.91
2005-06-28,4.9
2005-06-29,4.87
2005-06-30,4.85
2005-07-01,4.81
2005-07-04,4.79
2005-07-05,4.81
2005-07-06,4.8
2005-07-07,4.8
2005-07-08,5.04
2005-07-11,5.05
2005-07-12,5.05
2005-07-13,5.05
2005-07-14,5.03
2005-07-15,5.01
2005-07-18,4.98
2005-07-19,4.97
2005-07-20,4.97
2005-07-21,4.91
2005-07-22,4.89
2005-07-25,4.88
2005-07-26,4.88
2005-07-27,4.88
2005-07-28,4.87
2005-07-29,4.86
2005-08-01,4.85
2005-08-02,4.85
2005-08-03,4.83
2005-08-04,4.82
2005-08-05,4.79
2005-08-08,4.77
2005-08-09,4.99
2005-08-10,4.95
2005-08-11,4.93
2005-08-12,4.91
2005-08-15,4.9
2005-08-16,4.89
2005-08-17,4.86
2005-08-18,4.82
2005-08-19,4.82
2005-08-22,4.8
2005-08-23,4.8
2005-08-24,4.76
2005-08-25,4.74
2005-08-26,4.74
2005-08-29,4.72
2005-08-30,4.72
2005-08-31,4.7
2005-09-01,4.69
2005-09-02,4.68
2005-09-05,4.65
2005-09-06,4.89
2005-09-08,4.84
2005-09-09,4.82
2005-09-12,4.8
2005-09-13,4.8
2005-09-14,4.79
2005-09-15,4.77
2005-09-16,4.77
2005-09-19,4.76
2005-09-20,4.77
2005-09-21,4.78
2005-09-22,4.78
2005-09-23,4.76
2005-09-26,4.77
2005-09-27,4.77
2005-09-28,4.76
2005-09-29,4.74
2005-09-30,4.74
2005-10-03,4.76
2005-10-04,4.76
2005-10-05,4.76
2005-10-06,4.72
2005-10-07,4.69
2005-10-10,4.69
2005-10-11,4.7
2005-10-13,4.7
2005-10-14,4.7
2005-10-17,4.7
2005-10-18,4.72
2005-10-19,4.72
2005-10-20,4.75
2005-10-21,4.73
2005-10-24,4.74
2005-10-25,4.71
2005-10-26,4.72
2005-10-27,4.72
2005-10-28,4.73
2005-10-31,4.73
2005-11-01,4.73
2005-11-03,4.73
2005-11-04,4.73
2005-11-07,4.75
2005-11-08,4.75
2005-11-09,4.75
2005-11-10,4.57
2005-11-11,4.58
2005-11-14,4.57
2005-11-16,4.57
2005-11-17,4.57
2005-11-18,4.58
2005-11-21,4.57
2005-11-22,4.56
2005-11-23,4.56
2005-11-24,4.56
2005-11-25,4.58
2005-11-28,4.59
2005-11-29,4.6
2005-11-30,4.61
2005-12-01,4.61
2005-12-02,4.62
2005-12-05,4.63
2005-12-06,4.63
2005-12-07,4.64
2005-12-08,4.63
2005-12-09,4.5
2005-12-12,4.48
2005-12-13,4.48
2005-12-14,4.48
2005-12-15,4.48
2005-12-16,4.47
2005-12-19,4.46
2005-12-20,4.46
2005-12-21,4.46
2005-12-22,4.46
2005-12-23,4.46
2005-12-26,4.46
2005-12-27,4.46
2005-12-28,4.45
2005-12-29,4.46
2005-12-30,4.46
2006-01-02,4.46
2006-01-03,4.47
2006-01-04,4.47
2006-01-05,4.47
2006-01-06,4.49
2006-01-09,4.49
2006-01-10,4.5
2006-01-11,4.5
2006-01-12,4.57
2006-01-13,4.61
2006-01-16,4.61
2006-01-17,4.61
2006-01-18,4.62
2006-01-19,4.62
2006-01-20,4.62
2006-01-23,4.62
2006-01-24,4.62
2006-01-25,4.62
2006-01-26,4.61
2006-01-27,4.62
2006-01-30,4.62
2006-01-31,4.62
2006-02-01,4.62
2006-02-02,4.63
2006-02-03,4.63
2006-02-06,4.63
2006-02-07,4.63
2006-02-08,4.62
2006-02-09,4.49
2006-02-10,4.48
2006-02-13,4.47
2006-02-14,4.47
2006-02-15,4.47
2006-02-16,4.46
2006-02-17,4.45
2006-02-20,4.44
2006-02-21,4.4
2006-02-22,4.4
2006-02-23,4.4
2006-02-24,4.4
2006-03-01,4.4
2006-03-02,4.4
2006-03-03,4.39
2006-03-06,4.39
2006-03-07,4.39
2006-03-08,4.39
2006-03-09,4.39
2006-03-10,4.33
2006-03-13,4.33
2006-03-14,4.34
2006-03-15,4.32
2006-03-16,4.33
2006-03-17,4.35
2006-03-20,4.35
2006-03-21,4.35
2006-03-22,4.35
2006-03-23,4.35
2006-03-24,4.34
2006-03-27,4.34
2006-03-28,4.33
2006-03-29,4.32
2006-03-30,4.32
2006-03-31,4.31
2006-04-03,4.31
2006-04-04,4.32
2006-04-05,4.31
2006-04-06,4.31
2006-04-07,4.16
2006-04-10,4.16
2006-04-11,4.15
2006-04-12,4.14
2006-04-13,4.13
2006-04-17,4.15
2006-04-18,4.15
2006-04-19,4.15
2006-04-20,4.15
2006-04-24,4.15
2006-04-25,4.11
2006-04-26,4.1
2006-04-27,4.09
2006-04-28,4.06
2006-05-02,4.05
2006-05-03,4.05
2006-05-04,4.04
2006-05-05,4.03
2006-05-08,4.04
2006-05-09,4.04
2006-05-10,4.11
2006-05-11,4.12
2006-05-12,4.11
2006-05-15,4.12
2006-05-16,4.12
2006-05-17,4.12
2006-05-18,4.12
2006-05-19,4.12
2006-05-22,4.11
2006-05-23,4.11
2006-05-24,4.12
2006-05-25,4.08
2006-05-26,4.1
2006-05-29,4.1
2006-05-30,4.09
2006-05-31,4.1
2006-06-01,4.1
2006-06-02,4.09
2006-06-05,4.09
2006-06-06,4.08
2006-06-07,4.08
2006-06-08,4.2
2006-06-09,4.2
2006-06-12,4.18
2006-06-13,4.16
2006-06-14,4.15
2006-06-16,4.15
2006-06-19,4.15
2006-06-20,4.11
2006-06-21,4.08
2006-06-22,4.05
2006-06-23,4.05
2006-06-26,4.02
2006-06-27,4.01
2006-06-28,3.99
2006-06-29,3.98
2006-06-30,3.98
2006-07-03,3.98
2006-07-04,3.97
2006-07-05,3.97
2006-07-06,3.97
2006-07-07,4.35
2006-07-10,4.34
2006-07-11,4.34
2006-07-12,4.34
2006-07-13,4.33
2006-07-14,4.32
2006-07-17,4.32
2006-07-18,4.33
2006-07-19,4.32
2006-07-20,4.32
2006-07-21,4.32
2006-07-24,4.29
2006-07-25,4.29
2006-07-26,4.29
2006-07-27,4.29
2006-07-28,4.28
2006-07-31,4.28
2006-08-01,4.28
2006-08-02,4.27
2006-08-03,4.27
2006-08-04,4.27
2006-08-07,4.28
2006-08-08,4.27
2006-08-09,4.3
2006-08-10,4.3
2006-08-11,4.52
2006-08-14,4.54
2006-08-15,4.54
2006-08-16,4.54
2006-08-17,4.53
2006-08-18,4.51
2006-08-21,4.5
2006-08-22,4.48
2006-08-23,4.47
2006-08-24,4.46
2006-08-25,4.45
2006-08-28,4.43
2006-08-29,4.42
2006-08-30,4.42
2006-08-31,4.4
2006-09-01,4.38
2006-09-04,4.36
2006-09-05,4.35
2006-09-06,4.39
2006-09-08,4.35
2006-09-11,4.28
2006-09-12,4.28
2006-09-13,4.27
2006-09-14,4.28
2006-09-15,4.24
2006-09-18,4.22
2006-09-19,4.2
2006-09-20,4.18
2006-09-21,4.1
2006-09-22,4.04
2006-09-25,4.02
2006-09-26,3.99
2006-09-27,3.96
2006-09-28,3.96
2006-09-29,3.93
2006-10-02,3.93
2006-10-03,3.9
2006-10-04,3.87
2006-10-05,3.87
2006-10-06,4.01
2006-10-09,4.03
2006-10-10,4
2006-10-11,4
2006-10-13,4
2006-10-16,3.99
2006-10-17,3.99
2006-10-18,3.99
2006-10-19,3.99
2006-10-20,3.98
2006-10-23,3.98
2006-10-24,3.98
2006-10-25,3.99
2006-10-26,4
2006-10-27,4
2006-10-30,4.01
2006-10-31,4
2006-11-01,4.03
2006-11-03,4.03
2006-11-06,4.03
2006-11-07,4.03
2006-11-08,4.03
2006-11-09,4.03
2006-11-10,4.05
2006-11-13,4.05
2006-11-14,4.06
2006-11-16,4.06
2006-11-17,4.08
2006-11-20,4.08
2006-11-21,4.1
2006-11-22,4.11
2006-11-23,4.14
2006-11-24,4.15
2006-11-27,4.15
2006-11-28,4.14
2006-11-29,4.14
2006-11-30,4.14
2006-12-01,4.14
2006-12-04,4.14
2006-12-05,4.14
2006-12-06,4.14
2006-12-07,4.13
2006-12-08,4.12
2006-12-11,4.11
2006-12-12,4.11
2006-12-13,4.11
2006-12-14,4.11
2006-12-15,4.1
2006-12-18,4.1
2006-12-19,4.1
2006-12-20,4.1
2006-12-21,4.09
2006-12-22,4.1
2006-12-26,4.1
2006-12-27,4.1
2006-12-28,4.09
2006-12-29,4.08
2007-01-02,4.07
2007-01-03,4.07
2007-01-04,4.07
2007-01-05,4.07
2007-01-08,4.07
2007-01-09,4.06
2007-01-10,4.08
2007-01-11,4.1
2007-01-12,4.02
2007-01-15,4.01
2007-01-16,4.02
2007-01-17,4.01
2007-01-18,4
2007-01-19,4
2007-01-22,4.02
2007-01-23,4.03
2007-01-24,4.03
2007-01-25,4.03
2007-01-26,4.03
2007-01-29,4.03
2007-01-30,4.04
2007-01-31,4.03
2007-02-01,4.03
2007-02-02,4.03
2007-02-05,4.03
2007-02-06,4.01
2007-02-07,4
2007-02-08,4
2007-02-09,3.89
2007-02-12,3.88
2007-02-13,3.86
2007-02-14,3.85
2007-02-15,3.87
2007-02-16,3.87
2007-02-21,3.86
2007-02-22,3.85
2007-02-23,3.83
2007-02-26,3.8
2007-02-27,3.8
2007-02-28,3.81
2007-03-01,3.8
2007-03-02,3.79
2007-03-05,3.79
2007-03-06,3.79
2007-03-07,3.79
2007-03-08,3.79
2007-03-09,3.76
2007-03-12,3.76
2007-03-13,3.76
2007-03-14,3.76
2007-03-15,3.75
2007-03-16,3.74
2007-03-19,3.74
2007-03-20,3.74
2007-03-21,3.74
2007-03-22,3.74
2007-03-23,3.74
2007-03-26,3.74
2007-03-27,3.74
2007-03-28,3.74
2007-03-29,3.73
2007-03-30,3.74
2007-04-02,3.73
2007-04-03,3.73
2007-04-04,3.72
2007-04-05,3.74
2007-04-09,3.74
2007-04-10,3.74
2007-04-11,3.66
2007-04-12,3.65
2007-04-13,3.64
2007-04-16,3.62
2007-04-17,3.63
2007-04-18,3.62
2007-04-19,3.6
2007-04-20,3.58
2007-04-23,3.58
2007-04-24,3.55
2007-04-25,3.54
2007-04-26,3.52
2007-04-27,3.49
2007-04-30,3.47
2007-05-02,3.47
2007-05-03,3.46
2007-05-04,3.45
2007-05-07,3.44
2007-05-08,3.44
2007-05-09,3.42
2007-05-10,3.43
2007-05-11,3.46
2007-05-14,3.42
2007-05-15,3.46
2007-05-16,3.48
2007-05-17,3.46
2007-05-18,3.45
2007-05-21,3.45
2007-05-22,3.45
2007-05-23,3.42
2007-05-24,3.42
2007-05-25,3.42
2007-05-28,3.41
2007-05-29,3.4
2007-05-30,3.41
2007-05-31,3.4
2007-06-01,3.4
2007-06-04,3.39
2007-06-05,3.39
2007-06-06,3.43
2007-06-08,3.43
2007-06-11,3.43
2007-06-12,3.44
2007-06-13,3.44
2007-06-14,3.45
2007-06-15,3.46
2007-06-18,3.44
2007-06-19,3.43
2007-06-20,3.43
2007-06-21,3.44
2007-06-22,3.45
2007-06-25,3.46
2007-06-26,3.46
2007-06-27,3.46
2007-06-28,3.47
2007-06-29,3.47
2007-07-02,3.48
2007-07-03,3.48
2007-07-04,3.49
2007-07-05,3.49
2007-07-06,3.47
2007-07-09,3.46
2007-07-10,3.46
2007-07-11,3.47
2007-07-12,3.47
2007-07-13,3.46
2007-07-16,3.46
2007-07-17,3.46
2007-07-18,3.5
2007-07-19,3.5
2007-07-20,3.51
2007-07-23,3.51
2007-07-24,3.53
2007-07-25,3.53
2007-07-26,3.53
2007-07-27,3.54
2007-07-30,3.54
2007-07-31,3.55
2007-08-01,3.56
2007-08-02,3.56
2007-08-03,3.56
2007-08-06,3.55
2007-08-07,3.55
2007-08-08,3.62
2007-08-09,3.62
2007-08-10,3.62
2007-08-13,3.63
2007-08-14,3.64
2007-08-15,3.65
2007-08-16,3.66
2007-08-17,3.66
2007-08-20,3.68
2007-08-21,3.66
2007-08-22,3.7
2007-08-23,3.74
2007-08-24,3.75
2007-08-27,3.78
2007-08-28,3.8
2007-08-29,3.81
2007-08-30,3.82
2007-08-31,3.83
2007-09-03,3.84
2007-09-04,3.84
2007-09-05,3.87
2007-09-06,3.73
2007-09-10,3.74
2007-09-11,3.76
2007-09-12,3.76
2007-09-13,3.76
2007-09-14,3.76
2007-09-17,3.77
2007-09-18,3.76
2007-09-19,3.76
2007-09-20,3.77
2007-09-21,3.77
2007-09-24,3.76
2007-09-25,3.76
2007-09-26,3.75
2007-09-27,3.76
2007-09-28,3.75
2007-10-01,3.74
2007-10-02,3.75
2007-10-03,3.76
2007-10-04,3.76
2007-10-05,3.76
2007-10-08,3.76
2007-10-09,3.76
2007-10-10,3.76
2007-10-11,3.76
2007-10-15,3.76
2007-10-16,3.76
2007-10-17,3.77
2007-10-18,3.76
2007-10-19,3.75
2007-10-22,3.73
2007-10-23,3.73
2007-10-24,3.72
2007-10-25,3.72
2007-10-26,3.72
2007-10-29,3.72
2007-10-30,3.71
2007-10-31,3.71
2007-11-01,3.71
2007-11-05,3.69
2007-11-06,3.69
2007-11-07,3.79
2007-11-08,3.78
2007-11-09,3.8
2007-11-12,3.8
2007-11-13,3.8
2007-11-14,3.8
2007-11-16,3.8
2007-11-19,3.81
2007-11-20,3.81
2007-11-21,3.82
2007-11-22,3.84
2007-11-23,3.84
2007-11-26,3.83
2007-11-27,3.83
2007-11-28,3.84
2007-11-29,3.84
2007-11-30,3.85
2007-12-03,3.86
2007-12-04,3.86
2007-12-05,3.87
2007-12-06,3.96
2007-12-07,4
2007-12-10,4.04
2007-12-11,4.07
2007-12-12,4.09
2007-12-13,4.12
2007-12-14,4.15
2007-12-17,4.17
2007-12-18,4.22
2007-12-19,4.35
2007-12-20,4.38
2007-12-21,4.38
2007-12-24,4.41
2007-12-26,4.42
2007-12-27,4.43
2007-12-28,4.44
2007-12-31,4.45
2008-01-02,4.46
2008-01-03,4.47
2008-01-04,4.49
2008-01-07,4.49
2008-01-08,4.51
2008-01-09,4.51
2008-01-10,4.52
2008-01-11,4.26
2008-01-14,4.3
2008-01-15,4.32
2008-01-16,4.32
2008-01-17,4.33
2008-01-18,4.35
2008-01-21,4.38
2008-01-22,4.38
2008-01-23,4.42
2008-01-24,4.44
2008-01-25,4.45
2008-01-28,4.45
2008-01-29,4.44
2008-01-30,4.44
2008-01-31,4.44
2008-02-01,4.44
2008-02-06,4.45
2008-02-07,4.45
2008-02-08,4.46
2008-02-11,4.45
2008-02-12,4.45
2008-02-13,4.26
2008-02-14,4.25
2008-02-15,4.27
2008-02-18,4.26
2008-02-19,4.27
2008-02-20,4.27
2008-02-21,4.27
2008-02-22,4.27
2008-02-25,4.26
2008-02-26,4.26
2008-02-27,4.27
2008-02-28,4.28
2008-02-29,4.28
2008-03-03,4.27
2008-03-04,4.28
2008-03-05,4.28
2008-03-06,4.29
2008-03-07,4.29
2008-03-10,4.3
2008-03-11,4.28
2008-03-12,4.28
2008-03-13,4.27
2008-03-14,4.28
2008-03-17,4.28
2008-03-18,4.29
2008-03-19,4.29
2008-03-20,4.3
2008-03-24,4.31
2008-03-25,4.36
2008-03-26,4.36
2008-03-27,4.37
2008-03-28,4.37
2008-03-31,4.36
2008-04-01,4.37
2008-04-02,4.37
2008-04-03,4.38
2008-04-04,4.39
2008-04-07,4.4
2008-04-08,4.41
2008-04-09,4.41
2008-04-10,4.41
2008-04-11,4.42
2008-04-14,4.42
2008-04-15,4.46
2008-04-16,4.46
2008-04-17,4.44
2008-04-18,4.45
2008-04-22,4.45
2008-04-23,4.46
2008-04-24,4.52
2008-04-25,4.53
2008-04-28,4.53
2008-04-29,4.56
2008-04-30,4.56
2008-05-02,4.59
2008-05-05,4.6
2008-05-06,4.62
2008-05-07,4.62
2008-05-08,4.66
2008-05-09,4.5
2008-05-12,4.55
2008-05-13,4.59
2008-05-14,4.6
2008-05-15,4.66
2008-05-16,4.73
2008-05-19,4.83
2008-05-20,4.84
2008-05-21,4.85
2008-05-23,4.88
2008-05-26,4.94
2008-05-27,5.06
2008-05-28,5.06
2008-05-29,5.06
2008-05-30,5.08
2008-06-02,5.08
2008-06-03,5.09
2008-06-04,5.1
2008-06-05,5.1
2008-06-06,5.16
2008-06-09,5.16
2008-06-10,5.22
2008-06-11,4.94
2008-06-12,5.01
2008-06-13,5.07
2008-06-16,5.09
2008-06-17,5.11
2008-06-18,5.15
2008-06-19,5.21
2008-06-20,5.24
2008-06-23,5.28
2008-06-24,5.38
2008-06-25,5.4
2008-06-26,5.47
2008-06-27,5.52
2008-06-30,5.6
2008-07-01,5.6
2008-07-02,5.61
2008-07-03,5.66
2008-07-04,5.7
2008-07-07,5.71
2008-07-08,5.77
2008-07-09,5.79
2008-07-10,5.37
2008-07-11,5.37
2008-07-14,5.42
2008-07-15,5.44
2008-07-16,5.44
2008-07-17,5.43
2008-07-18,5.45
2008-07-21,5.46
2008-07-22,5.48
2008-07-23,5.51
2008-07-24,5.51
2008-07-25,5.52
2008-07-28,5.51
2008-07-29,5.51
2008-07-30,5.51
2008-07-31,5.49
2008-08-01,5.48
2008-08-04,5.46
2008-08-05,5.45
2008-08-06,5.44
2008-08-07,5.43
2008-08-08,5.27
2008-08-11,5.26
2008-08-12,5.25
2008-08-13,5.25
2008-08-14,5.26
2008-08-15,5.25
2008-08-18,5.24
2008-08-19,5.21
2008-08-20,5.2
2008-08-21,5.18
2008-08-22,5.16
2008-08-25,5.16
2008-08-26,5.16
2008-08-27,5.16
2008-08-28,5.16
2008-08-29,5.16
2008-09-01,5.16
2008-09-02,5.15
2008-09-03,5.14
2008-09-04,5.14
2008-09-05,5.2
2008-09-08,5.2
2008-09-09,5.2
2008-09-10,5.2
2008-09-11,5.18
2008-09-12,5.17
2008-09-15,5.16
2008-09-16,5.16
2008-09-17,5.14
2008-09-18,5.14
2008-09-19,5.15
2008-09-22,5.11
2008-09-23,5.04
2008-09-24,5.03
2008-09-25,5.02
2008-09-26,5.02
2008-09-29,5.02
2008-09-30,5.01
2008-10-01,5.01
2008-10-02,5
2008-10-03,5
2008-10-06,4.98
2008-10-07,5
2008-10-08,5.1
2008-10-09,5.1
2008-10-10,5.1
2008-10-13,5.14
2008-10-14,5.14
2008-10-15,5.14
2008-10-16,5.15
2008-10-17,5.19
2008-10-20,5.22
2008-10-21,5.21
2008-10-22,5.27
2008-10-23,5.3
2008-10-24,5.32
2008-10-27,5.33
2008-10-28,5.35
2008-10-29,5.35
2008-10-30,5.36
2008-10-31,5.4
2008-11-03,5.43
2008-11-04,5.42
2008-11-05,5.42
2008-11-06,5.43
2008-11-07,5.41
2008-11-10,5.4
2008-11-11,5.41
2008-11-12,5.43
2008-11-13,5.43
2008-11-14,5.44
2008-11-17,5.43
2008-11-18,5.43
2008-11-19,5.43
2008-11-20,5.43
2008-11-21,5.43
2008-11-24,5.46
2008-11-25,5.45
2008-11-26,5.45
2008-11-27,5.45
2008-11-28,5.45
2008-12-01,5.44
2008-12-02,5.44
2008-12-03,5.43
2008-12-04,5.42
2008-12-05,5.29
2008-12-08,5.21
2008-12-09,5.2
2008-12-10,5.19
2008-12-11,5.17
2008-12-12,5.16
2008-12-15,5.2
2008-12-16,5.2
2008-12-17,5.17
2008-12-18,5.05
2008-12-19,5.01
2008-12-22,4.98
2008-12-23,4.97
2008-12-24,4.97
2008-12-26,4.98
2008-12-29,4.96
2008-12-30,4.94
2008-12-31,4.93
2009-01-02,4.91
2009-01-05,4.88
2009-01-06,4.87
2009-01-07,4.86
2009-01-08,4.84
2009-01-09,4.88
2009-01-12,4.88
2009-01-13,4.88
2009-01-14,4.88
2009-01-15,4.86
2009-01-16,4.84
2009-01-19,4.81
2009-01-20,4.82
2009-01-21,4.8
2009-01-22,4.72
2009-01-23,4.72
2009-01-26,4.71
2009-01-27,4.7
2009-01-28,4.7
2009-01-29,4.7
2009-01-30,4.7
2009-02-02,4.7
2009-02-03,4.7
2009-02-04,4.7
2009-02-05,4.7
2009-02-06,4.81
2009-02-09,4.8
2009-02-10,4.78
2009-02-11,4.78
2009-02-12,4.73
2009-02-13,4.7
2009-02-16,4.7
2009-02-17,4.67
2009-02-18,4.67
2009-02-19,4.63
2009-02-20,4.61
2009-02-25,4.6
2009-02-26,4.6
2009-02-27,4.57
2009-03-02,4.56
2009-03-03,4.55
2009-03-04,4.55
2009-03-05,4.53
2009-03-06,4.51
2009-03-09,4.49
2009-03-10,4.49
2009-03-11,4.37
2009-03-12,4.35
2009-03-13,4.34
2009-03-16,4.33
2009-03-17,4.33
2009-03-18,4.28
2009-03-19,4.27
2009-03-20,4.26
2009-03-23,4.15
2009-03-24,4.18
2009-03-25,4.17
2009-03-26,4.17
2009-03-27,4.16
2009-03-30,4.14
2009-03-31,4.14
2009-04-01,4.12
2009-04-02,4.1
2009-04-03,4.1
2009-04-06,4.1
2009-04-07,4.1
2009-04-08,4.18
2009-04-09,4.19
2009-04-13,4.2
2009-04-14,4.2
2009-04-15,4.21
2009-04-16,4.2
2009-04-17,4.19
2009-04-20,4.2
2009-04-22,4.19
2009-04-23,4.21
2009-04-24,4.21
2009-04-27,4.2
2009-04-28,4.21
2009-04-29,4.21
2009-04-30,4.21
2009-05-04,4.21
2009-05-05,4.21
2009-05-06,4.21
2009-05-07,4.22
2009-05-08,4.12
2009-05-11,4.12
2009-05-12,4.13
2009-05-13,4.13
2009-05-14,4.13
2009-05-15,4.13
2009-05-18,4.14
2009-05-19,4.12
2009-05-20,4.12
2009-05-21,4.12
2009-05-22,4.13
2009-05-25,4.12
2009-05-26,4.12
2009-05-27,4.13
2009-05-28,4.14
2009-05-29,4.14
2009-06-01,4.14
2009-06-02,4.13
2009-06-03,4.13
2009-06-04,4.15
2009-06-05,4.14
2009-06-08,4.14
2009-06-09,4.14
2009-06-10,4.02
2009-06-12,4.02
2009-06-15,4.03
2009-06-16,4.02
2009-06-17,4.02
2009-06-18,4.01
2009-06-19,4.03
2009-06-22,4.05
2009-06-23,4.05
2009-06-24,4.05
2009-06-25,4.06
2009-06-26,4.06
2009-06-29,4.06
2009-06-30,4.06
2009-07-01,4.07
2009-07-02,4.07
2009-07-03,4.08
2009-07-06,4.08
2009-07-07,4.08
2009-07-08,4.09
2009-07-09,4.09
2009-07-10,4.09
2009-07-13,4.1
2009-07-14,4.1
2009-07-15,4.1
2009-07-16,4.1
2009-07-17,4.11
2009-07-20,4.12
2009-07-21,4.12
2009-07-22,4.13
2009-07-23,4.15
2009-07-24,4.14
2009-07-27,4.12
2009-07-28,4.12
2009-07-29,4.12
2009-07-30,4.12
2009-07-31,4.09
2009-08-03,4.09
2009-08-04,4.09
2009-08-05,4.09
2009-08-06,4.08
2009-08-07,4.07
2009-08-10,4.05
2009-08-11,4.04
2009-08-12,4.04
2009-08-13,4.05
2009-08-14,4.04
2009-08-17,4.04
2009-08-18,4.04
2009-08-19,4.01
2009-08-20,3.99
2009-08-21,3.99
2009-08-24,3.97
2009-08-25,3.96
2009-08-26,3.96
2009-08-27,3.96
2009-08-28,3.96
2009-08-31,3.97
2009-09-01,3.97
2009-09-02,3.97
2009-09-03,3.97
2009-09-04,3.97
2009-09-08,3.97
2009-09-09,3.98
2009-09-10,4.14
2009-09-11,4.14
2009-09-14,4.14
2009-09-15,4.15
2009-09-16,4.15
2009-09-17,4.15
2009-09-18,4.15
2009-09-21,4.14
2009-09-22,4.16
2009-09-23,4.15
2009-09-24,4.15
2009-09-25,4.16
2009-09-28,4.17
2009-09-29,4.17
2009-09-30,4.19
2009-10-01,4.19
2009-10-02,4.19
2009-10-05,4.19
2009-10-06,4.19
2009-10-07,4.19
2009-10-08,4.25
2009-10-09,4.26
2009-10-13,4.29
2009-10-14,4.29
2009-10-15,4.3
2009-10-16,4.31
2009-10-19,4.31
2009-10-20,4.31
2009-10-21,4.32
2009-10-22,4.31
2009-10-23,4.31
2009-10-26,4.32
2009-10-27,4.32
2009-10-28,4.32
2009-10-29,4.32
2009-10-30,4.32
2009-11-03,4.32
2009-11-04,4.31
2009-11-05,4.31
2009-11-06,4.29
2009-11-09,4.29
2009-11-10,4.29
2009-11-11,4.35
2009-11-12,4.35
2009-11-13,4.35
2009-11-16,4.35
2009-11-17,4.35
2009-11-18,4.36
2009-11-19,4.36
2009-11-20,4.36
2009-11-23,4.36
2009-11-24,4.36
2009-11-25,4.33
2009-11-26,4.35
2009-11-27,4.35
2009-11-30,4.35
2009-12-01,4.35
2009-12-02,4.35
2009-12-03,4.35
2009-12-04,4.38
2009-12-07,4.37
2009-12-08,4.37
2009-12-09,4.4
2009-12-10,4.4
2009-12-11,4.4
2009-12-14,4.4
2009-12-15,4.4
2009-12-16,4.41
2009-12-17,4.4
2009-12-18,4.4
2009-12-21,4.4
2009-12-22,4.39
2009-12-23,4.39
2009-12-24,4.39
2009-12-28,4.39
2009-12-29,4.39
2009-12-30,4.4
2009-12-31,4.4
2010-01-04,4.4
2010-01-05,4.4
2010-01-06,4.4
2010-01-07,4.42
2010-01-08,4.41
2010-01-11,4.45
2010-01-12,4.46
2010-01-13,4.59
2010-01-14,4.55
2010-01-15,4.55
2010-01-18,4.58
2010-01-19,4.57
2010-01-20,4.58
2010-01-21,4.63
2010-01-22,4.66
2010-01-25,4.68
2010-01-26,4.68
2010-01-27,4.68
2010-01-28,4.67
2010-01-29,4.68
2010-02-01,4.69
2010-02-02,4.7
2010-02-03,4.7
2010-02-04,4.71
2010-02-05,4.54
2010-02-08,4.55
2010-02-09,4.54
2010-02-10,4.55
2010-02-11,4.55
2010-02-12,4.56
2010-02-17,4.56
2010-02-18,4.57
2010-02-19,4.58
2010-02-22,4.63
2010-02-23,4.65
2010-02-24,4.66
2010-02-25,4.65
2010-02-26,4.66
2010-03-01,4.67
2010-03-02,4.67
2010-03-03,4.67
2010-03-04,4.68
2010-03-05,4.5
2010-03-08,4.5
2010-03-09,4.54
2010-03-10,4.56
2010-03-11,4.55
2010-03-12,4.56
2010-03-15,4.55
2010-03-16,4.56
2010-03-17,4.57
2010-03-18,4.62
2010-03-19,4.64
2010-03-22,4.67
2010-03-23,4.67
2010-03-24,4.69
2010-03-25,4.68
2010-03-26,4.68
2010-03-29,4.69
2010-03-30,4.69
2010-03-31,4.7
2010-04-01,4.71
2010-04-05,4.71
2010-04-06,4.73
2010-04-07,4.74
2010-04-08,4.64
2010-04-09,4.69
2010-04-12,4.71
2010-04-13,4.71
2010-04-14,4.72
2010-04-15,4.73
2010-04-16,4.75
2010-04-19,4.82
2010-04-20,4.83
2010-04-22,4.83
2010-04-23,4.83
2010-04-26,4.86
2010-04-27,4.86
2010-04-28,4.86
2010-04-29,4.85
2010-04-30,4.86
2010-05-03,4.89
2010-05-04,4.9
2010-05-05,4.9
2010-05-06,4.91
2010-05-07,4.8
2010-05-10,4.79
2010-05-11,4.8
2010-05-12,4.8
2010-05-13,4.81
2010-05-14,4.82
2010-05-17,4.81
2010-05-18,4.83
2010-05-19,4.88
2010-05-20,4.88
2010-05-21,4.88
2010-05-24,4.88
2010-05-25,4.87
2010-05-26,4.88
2010-05-27,4.87
2010-05-28,4.86
2010-05-31,4.88
2010-06-01,4.88
2010-06-02,4.86
2010-06-04,4.85
2010-06-07,4.85
2010-06-08,4.85
2010-06-09,4.76
2010-06-10,4.76
2010-06-11,4.77
2010-06-14,4.77
2010-06-15,4.77
2010-06-16,4.76
2010-06-17,4.77
2010-06-18,4.78
2010-06-21,4.75
2010-06-22,4.74
2010-06-23,4.74
2010-06-24,4.74
2010-06-25,4.75
2010-06-28,4.74
2010-06-29,4.74
2010-06-30,4.74
2010-07-01,4.74
2010-07-02,4.73
2010-07-05,4.74
2010-07-06,4.74
2010-07-07,4.92
2010-07-08,4.93
2010-07-09,4.93
2010-07-12,4.93
2010-07-13,4.95
2010-07-14,4.95
2010-07-15,4.96
2010-07-16,4.95
2010-07-19,4.89
2010-07-20,4.87
2010-07-21,4.87
2010-07-22,4.86
2010-07-23,4.85
2010-07-26,4.85
2010-07-27,4.84
2010-07-28,4.84
2010-07-29,4.84
2010-07-30,4.82
2010-08-02,4.84
2010-08-03,4.84
2010-08-04,4.83
2010-08-05,4.83
2010-08-06,5.08
2010-08-09,5.08
2010-08-10,5.08
2010-08-11,5.08
2010-08-12,5.07
2010-08-13,5.06
2010-08-16,5.05
2010-08-17,5.06
2010-08-18,5.05
2010-08-19,5.02
2010-08-20,5.01
2010-08-23,4.99
2010-08-24,4.98
2010-08-25,4.98
2010-08-26,4.98
2010-08-27,4.98
2010-08-30,4.97
2010-08-31,4.98
2010-09-01,4.98
2010-09-02,4.98
2010-09-03,4.96
2010-09-06,4.96
2010-09-08,4.96
2010-09-09,5.15
2010-09-10,5.15
2010-09-13,5.15
2010-09-14,5.16
2010-09-15,5.17
2010-09-16,5.16
2010-09-17,5.18
2010-09-20,5.24
2010-09-21,5.24
2010-09-22,5.25
2010-09-23,5.28
2010-09-24,5.28
2010-09-27,5.28
2010-09-28,5.29
2010-09-29,5.29
2010-09-30,5.31
2010-10-01,5.32
2010-10-04,5.31
2010-10-05,5.33
2010-10-06,5.35
2010-10-07,5.25
2010-10-08,5.26
2010-10-11,5.27
2010-10-13,5.29
2010-10-14,5.29
2010-10-15,5.31
2010-10-18,5.3
2010-10-19,5.36
2010-10-20,5.37
2010-10-21,5.38
2010-10-22,5.38
2010-10-25,5.39
2010-10-26,5.39
2010-10-27,5.39
2010-10-28,5.4
2010-10-29,5.42
2010-11-01,5.43
2010-11-03,5.43
2010-11-04,5.44
2010-11-05,5.44
2010-11-08,5.44
2010-11-09,5.17
2010-11-10,5.2
2010-11-11,5.23
2010-11-12,5.24
2010-11-16,5.27
2010-11-17,5.29
2010-11-18,5.37
2010-11-19,5.4
2010-11-22,5.47
2010-11-23,5.5
2010-11-24,5.51
2010-11-25,5.55
2010-11-26,5.58
2010-11-29,5.6
2010-11-30,5.61
2010-12-01,5.64
2010-12-02,5.64
2010-12-03,5.68
2010-12-06,5.7
2010-12-07,5.74
2010-12-08,5.38
2010-12-09,5.39
2010-12-10,5.39
2010-12-13,5.41
2010-12-14,5.42
2010-12-15,5.42
2010-12-16,5.43
2010-12-17,5.44
2010-12-20,5.51
2010-12-21,5.5
2010-12-22,5.51
2010-12-23,5.52
2010-12-24,5.52
2010-12-27,5.51
2010-12-28,5.52
2010-12-29,5.52
2010-12-30,5.52
2010-12-31,5.52
2011-01-03,5.53
2011-01-04,5.53
2011-01-05,5.53
2011-01-06,5.53
2011-01-07,5.39
2011-01-10,5.4
2011-01-11,5.41
2011-01-12,5.42
2011-01-13,5.43
2011-01-14,5.47
2011-01-17,5.5
2011-01-18,5.52
2011-01-19,5.53
2011-01-20,5.55
2011-01-21,5.56
2011-01-24,5.61
2011-01-25,5.63
2011-01-26,5.64
2011-01-27,5.64
2011-01-28,5.65
2011-01-31,5.67
2011-02-01,5.68
2011-02-02,5.67
2011-02-03,5.67
2011-02-04,5.69
2011-02-07,5.7
2011-02-08,5.49
2011-02-09,5.51
2011-02-10,5.52
2011-02-11,5.53
2011-02-14,5.55
2011-02-15,5.54
2011-02-16,5.54
2011-02-17,5.54
2011-02-18,5.55
2011-02-21,5.58
2011-02-22,5.58
2011-02-23,5.59
2011-02-24,5.6
2011-02-25,5.61
2011-02-28,5.61
2011-03-01,5.61
2011-03-02,5.61
2011-03-03,5.61
2011-03-04,5.36
2011-03-09,5.37
2011-03-10,5.36
2011-03-11,5.37
2011-03-14,5.37
2011-03-15,5.37
2011-03-16,5.4
2011-03-17,5.4
2011-03-18,5.43
2011-03-21,5.45
2011-03-22,5.53
2011-03-23,5.54
2011-03-24,5.56
2011-03-25,5.56
2011-03-28,5.55
2011-03-29,5.55
2011-03-30,5.57
2011-03-31,5.61
2011-04-01,5.62
2011-04-04,5.63
2011-04-05,5.63
2011-04-06,5.63
2011-04-07,5.42
2011-04-08,5.48
2011-04-11,5.47
2011-04-12,5.48
2011-04-13,5.49
2011-04-14,5.5
2011-04-15,5.52
2011-04-18,5.53
2011-04-19,5.57
2011-04-20,5.58
2011-04-25,5.59
2011-04-26,5.6
2011-04-27,5.6
2011-04-28,5.59
2011-04-29,5.6
2011-05-02,5.61
2011-05-03,5.62
2011-05-04,5.62
2011-05-05,5.61
2011-05-06,5.23
2011-05-09,5.23
2011-05-10,5.22
2011-05-11,5.23
2011-05-12,5.23
2011-05-13,5.23
2011-05-16,5.25
2011-05-17,5.25
2011-05-18,5.22
2011-05-19,5.18
2011-05-20,5.19
2011-05-23,5.18
2011-05-24,5.17
2011-05-25,5.17
2011-05-26,5.17
2011-05-27,5.16
2011-05-30,5.17
2011-05-31,5.17
2011-06-01,5.18
2011-06-02,5.18
2011-06-03,5.17
2011-06-06,5.17
2011-06-07,5.06
2011-06-08,5.07
2011-06-09,5.06
2011-06-10,5.06
2011-06-13,5.05
2011-06-14,5.05
2011-06-15,5.06
2011-06-16,5.06
2011-06-17,5.05
2011-06-20,5.03
2011-06-21,5.02
2011-06-22,5.03
2011-06-24,5.03
2011-06-27,5.03
2011-06-28,5.03
2011-06-29,5.03
2011-06-30,5.02
2011-07-01,5.02
2011-07-04,5.01
2011-07-05,5.02
2011-07-06,5.03
2011-07-07,5.27
2011-07-08,5.27
2011-07-11,5.28
2011-07-12,5.29
2011-07-13,5.3
2011-07-14,5.3
2011-07-15,5.33
2011-07-18,5.34
2011-07-19,5.35
2011-07-20,5.35
2011-07-21,5.34
2011-07-22,5.34
2011-07-25,5.35
2011-07-26,5.36
2011-07-27,5.36
2011-07-28,5.36
2011-07-29,5.35
2011-08-01,5.36
2011-08-02,5.36
2011-08-03,5.36
2011-08-04,5.36
2011-08-05,5.45
2011-08-08,5.45
2011-08-09,5.45
2011-08-10,5.45
2011-08-11,5.45
2011-08-12,5.45
2011-08-15,5.44
2011-08-16,5.45
2011-08-17,5.45
2011-08-18,5.44
2011-08-19,5.43
2011-08-22,5.44
2011-08-23,5.44
2011-08-24,5.45
2011-08-25,5.46
2011-08-26,5.47
2011-08-29,5.47
2011-08-30,5.47
2011-08-31,5.47
2011-09-01,5.52
2011-09-02,5.57
2011-09-05,5.58
2011-09-06,5.6
2011-09-08,5.61
2011-09-09,5.64
2011-09-12,5.67
2011-09-13,5.68
2011-09-14,5.69
2011-09-15,5.7
2011-09-16,5.71
2011-09-19,5.75
2011-09-20,5.77
2011-09-21,5.77
2011-09-22,5.77
2011-09-23,5.78
2011-09-26,5.79
2011-09-27,5.79
2011-09-28,5.79
2011-09-29,5.79
2011-09-30,5.8
2011-10-03,5.81
2011-10-04,5.79
2011-10-05,5.79
2011-10-06,5.79
2011-10-07,5.63
2011-10-10,5.63
2011-10-11,5.65
2011-10-13,5.64
2011-10-14,5.64
2011-10-17,5.64
2011-10-18,5.64
2011-10-19,5.6
2011-10-20,5.59
2011-10-21,5.59
2011-10-24,5.59
2011-10-25,5.59
2011-10-26,5.57
2011-10-27,5.57
2011-10-28,5.57
2011-10-31,5.56
2011-11-01,5.56
2011-11-03,5.56
2011-11-04,5.55
2011-11-07,5.55
2011-11-08,5.56
2011-11-09,5.56
2011-11-10,5.56
2011-11-11,5.56
2011-11-14,5.57
2011-11-16,5.57
2011-11-17,5.57
2011-11-18,5.55
2011-11-21,5.56
2011-11-22,5.56
2011-11-23,5.57
2011-11-24,5.57
2011-11-25,5.57
2011-11-28,5.56
2011-11-29,5.55
2011-11-30,5.53
2011-12-01,5.49
2011-12-02,5.48
2011-12-05,5.46
2011-12-06,5.46
2011-12-07,5.46
2011-12-08,5.42
2011-12-09,5.42
2011-12-12,5.42
2011-12-13,5.41
2011-12-14,5.4
2011-12-15,5.4
2011-12-16,5.39
2011-12-19,5.38
2011-12-20,5.36
2011-12-21,5.36
2011-12-22,5.35
2011-12-23,5.35
2011-12-26,5.35
2011-12-27,5.35
2011-12-28,5.34
2011-12-29,5.35
2011-12-30,5.35
2012-01-02,5.36
2012-01-03,5.36
2012-01-04,5.36
2012-01-05,5.36
2012-01-06,5.32
2012-01-09,5.32
2012-01-10,5.32
2012-01-11,5.32
2012-01-12,5.31
2012-01-13,5.31
2012-01-16,5.31
2012-01-17,5.31
2012-01-18,5.3
2012-01-19,5.29
2012-01-20,5.29
2012-01-23,5.28
2012-01-24,5.29
2012-01-25,5.28
2012-01-26,5.29
2012-01-27,5.29
2012-01-30,5.29
2012-01-31,5.3
2012-02-01,5.29
2012-02-02,5.29
2012-02-03,5.29
2012-02-06,5.29
2012-02-07,5.29
2012-02-08,5.28
2012-02-09,5.28
2012-02-10,5.31
2012-02-13,5.31
2012-02-14,5.31
2012-02-15,5.3
2012-02-16,5.27
2012-02-17,5.27
2012-02-22,5.27
2012-02-23,5.27
2012-02-24,5.24
2012-02-27,5.26
2012-02-28,5.26
2012-02-29,5.26
2012-03-01,5.26
2012-03-02,5.26
2012-03-05,5.27
2012-03-06,5.27
2012-03-07,5.27
2012-03-08,5.3
2012-03-09,5.43
2012-03-12,5.44
2012-03-13,5.44
2012-03-14,5.45
2012-03-15,5.44
2012-03-16,5.43
2012-03-19,5.44
2012-03-20,5.43
2012-03-21,5.45
2012-03-22,5.45
2012-03-23,5.45
2012-03-26,5.45
2012-03-27,5.45
2012-03-28,5.44
2012-03-29,5.44
2012-03-30,5.43
2012-04-02,5.42
2012-04-03,5.42
2012-04-04,5.42
2012-04-05,5.5
2012-04-09,5.51
2012-04-10,5.51
2012-04-11,5.51
2012-04-12,5.52
2012-04-13,5.53
2012-04-16,5.53
2012-04-17,5.53
2012-04-18,5.53
2012-04-19,5.53
2012-04-20,5.54
2012-04-23,5.53
2012-04-24,5.53
2012-04-25,5.54
2012-04-26,5.54
2012-04-27,5.55
2012-04-30,5.57
2012-05-02,5.57
2012-05-03,5.57
2012-05-04,5.57
2012-05-07,5.58
2012-05-08,5.6
2012-05-09,5.55
2012-05-10,5.55
2012-05-11,5.55
2012-05-14,5.56
2012-05-15,5.56
2012-05-16,5.57
2012-05-17,5.57
2012-05-18,5.56
2012-05-21,5.57
2012-05-22,5.55
2012-05-23,5.55
2012-05-24,5.56
2012-05-25,5.55
2012-05-28,5.55
2012-05-29,5.54
2012-05-30,5.52
2012-05-31,5.52
2012-06-01,5.52
2012-06-04,5.51
2012-06-05,5.52
2012-06-06,5.49
2012-06-08,5.49
2012-06-11,5.48
2012-06-12,5.47
2012-06-13,5.47
2012-06-14,5.47
2012-06-15,5.46
2012-06-18,5.45
2012-06-19,5.44
2012-06-20,5.41
2012-06-21,5.39
2012-06-22,5.38
2012-06-25,5.38
2012-06-26,5.38
2012-06-27,5.37
2012-06-28,5.37
2012-06-29,5.38
2012-07-02,5.38
2012-07-03,5.37
2012-07-04,5.37
2012-07-05,5.36
2012-07-06,5.51
2012-07-09,5.52
2012-07-10,5.52
2012-07-11,5.52
2012-07-12,5.52
2012-07-13,5.51
2012-07-16,5.51
2012-07-17,5.51
2012-07-18,5.51
2012-07-19,5.52
2012-07-20,5.52
2012-07-23,5.54
2012-07-24,5.54
2012-07-25,5.55
2012-07-26,5.54
2012-07-27,5.55
2012-07-30,5.58
2012-07-31,5.58
2012-08-01,5.58
2012-08-02,5.58
2012-08-03,5.58
2012-08-06,5.59
2012-08-07,5.59
2012-08-08,5.56
2012-08-09,5.56
2012-08-10,5.56
2012-08-13,5.57
2012-08-14,5.57
2012-08-15,5.57
2012-08-16,5.59
2012-08-17,5.61
2012-08-20,5.6
2012-08-21,5.62
2012-08-22,5.64
2012-08-23,5.65
2012-08-24,5.65
2012-08-27,5.66
2012-08-28,5.66
2012-08-29,5.67
2012-08-30,5.67
2012-08-31,5.68
2012-09-03,5.68
2012-09-04,5.68
2012-09-05,5.63
2012-09-06,5.65
2012-09-10,5.66
2012-09-11,5.66
2012-09-12,5.66
2012-09-13,5.64
2012-09-14,5.63
2012-09-17,5.64
2012-09-18,5.64
2012-09-19,5.65
2012-09-20,5.66
2012-09-21,5.64
2012-09-24,5.64
2012-09-25,5.65
2012-09-26,5.65
2012-09-27,5.65
2012-09-28,5.64
2012-10-01,5.63
2012-10-02,5.63
2012-10-03,5.63
2012-10-04,5.64
2012-10-05,5.51
2012-10-08,5.5
2012-10-09,5.5
2012-10-10,5.5
2012-10-11,5.5
2012-10-15,5.5
2012-10-16,5.51
2012-10-17,5.48
2012-10-18,5.47
2012-10-19,5.48
2012-10-22,5.49
2012-10-23,5.49
2012-10-24,5.49
2012-10-25,5.49
2012-10-26,5.48
2012-10-29,5.48
2012-10-30,5.47
2012-10-31,5.47
2012-11-01,5.47
2012-11-05,5.46
2012-11-06,5.46
2012-11-07,5.35
2012-11-08,5.35
2012-11-09,5.34
2012-11-12,5.34
2012-11-13,5.34
2012-11-14,5.34
2012-11-16,5.34
2012-11-19,5.34
2012-11-20,5.34
2012-11-21,5.33
2012-11-22,5.34
2012-11-23,5.34
2012-11-26,5.35
2012-11-27,5.34
2012-11-28,5.35
2012-11-29,5.35
2012-11-30,5.36
2012-12-03,5.36
2012-12-04,5.36
2012-12-05,5.37
2012-12-06,5.37
2012-12-07,5.44
2012-12-10,5.44
2012-12-11,5.46
2012-12-12,5.46
2012-12-13,5.47
2012-12-14,5.48
2012-12-17,5.49
2012-12-18,5.56
2012-12-19,5.58
2012-12-20,5.58
2012-12-21,5.59
2012-12-24,5.61
2012-12-26,5.61
2012-12-27,5.62
2012-12-28,5.63
2012-12-31,5.63
2013-01-02,5.65
2013-01-03,5.66
2013-01-04,5.66
2013-01-07,5.67
2013-01-08,5.71
2013-01-09,5.73
2013-01-10,5.55
2013-01-11,5.56
2013-01-14,5.6
2013-01-15,5.6
2013-01-16,5.62
2013-01-17,5.64
2013-01-18,5.65
2013-01-21,5.66
2013-01-22,5.67
2013-01-23,5.68
2013-01-24,5.68
2013-01-25,5.69
2013-01-28,5.69
2013-01-29,5.69
2013-01-30,5.7
2013-01-31,5.7
2013-02-01,5.7
2013-02-04,5.71
2013-02-05,5.71
2013-02-06,5.71
2013-02-07,5.5
2013-02-08,5.49
2013-02-13,5.49
2013-02-14,5.5
2013-02-15,5.49
2013-02-18,5.49
2013-02-19,5.48
2013-02-20,5.48
2013-02-21,5.48
2013-02-22,5.48
2013-02-25,5.49
2013-02-26,5.49
2013-02-27,5.5
2013-02-28,5.5
2013-03-01,5.5
2013-03-04,5.48
2013-03-05,5.48
2013-03-06,5.49
2013-03-07,5.47
2013-03-08,5.64
2013-03-11,5.62
2013-03-12,5.6
2013-03-13,5.6
2013-03-14,5.59
2013-03-15,5.57
2013-03-18,5.55
2013-03-19,5.56
2013-03-20,5.55
2013-03-21,5.56
2013-03-22,5.55
2013-03-25,5.54
2013-03-26,5.54
2013-03-27,5.53
2013-03-28,5.53
2013-04-01,5.54
2013-04-02,5.54
2013-04-03,5.54
2013-04-04,5.54
2013-04-05,5.54
2013-04-08,5.54
2013-04-09,5.54
2013-04-10,5.53
2013-04-11,5.52
2013-04-12,5.52
2013-04-15,5.53
2013-04-16,5.53
2013-04-17,5.55
2013-04-18,5.55
2013-04-19,5.55
2013-04-22,5.55
2013-04-23,5.55
2013-04-24,5.55
2013-04-25,5.55
2013-04-26,5.55
2013-04-29,5.56
2013-04-30,5.56
2013-05-02,5.54
2013-05-03,5.55
2013-05-06,5.55
2013-05-07,5.55
2013-05-08,5.61
2013-05-09,5.61
2013-05-10,5.6
2013-05-13,5.61
2013-05-14,5.62
2013-05-15,5.62
2013-05-16,5.62
2013-05-17,5.63
2013-05-20,5.62
2013-05-21,5.63
2013-05-22,5.64
2013-05-23,5.62
2013-05-24,5.62
2013-05-27,5.62
2013-05-28,5.62
2013-05-29,5.62
2013-05-31,5.62
2013-06-03,5.62
2013-06-04,5.62
2013-06-05,5.62
2013-06-06,5.62
2013-06-07,5.68
2013-06-10,5.7
2013-06-11,5.71
2013-06-12,5.71
2013-06-13,5.72
2013-06-14,5.73
2013-06-17,5.74
2013-06-18,5.75
2013-06-19,5.73
2013-06-20,5.72
2013-06-21,5.73
2013-06-24,5.73
2013-06-25,5.73
2013-06-26,5.73
2013-06-27,5.73
2013-06-28,5.74
2013-07-01,5.77
2013-07-02,5.74
2013-07-03,5.76
2013-07-04,5.76
2013-07-05,5.72
2013-07-08,5.72
2013-07-09,5.72
2013-07-10,5.72
2013-07-11,5.71
2013-07-12,5.72
2013-07-15,5.69
2013-07-16,5.69
2013-07-17,5.66
2013-07-18,5.66
2013-07-19,5.66
2013-07-22,5.66
2013-07-23,5.67
2013-07-24,5.66
2013-07-25,5.67
2013-07-26,5.66
2013-07-29,5.66
2013-07-30,5.66
2013-07-31,5.66
2013-08-01,5.65
2013-08-02,5.66
2013-08-05,5.67
2013-08-06,5.66
2013-08-07,5.97
2013-08-08,5.97
2013-08-09,5.97
2013-08-12,5.96
2013-08-13,5.96
2013-08-14,5.96
2013-08-15,5.96
2013-08-16,5.96
2013-08-19,5.96
2013-08-20,5.99
2013-08-21,6
2013-08-22,6.02
2013-08-23,6.03
2013-08-26,6.03
2013-08-27,6.03
2013-08-28,6.04
2013-08-29,6.05
2013-08-30,6.06
2013-09-02,6.06
2013-09-03,6.05
2013-09-04,6.07
2013-09-05,6.07
2013-09-06,6.1
2013-09-09,6.13
2013-09-10,6.13
2013-09-11,6.14
2013-09-12,6.14
2013-09-13,6.14
2013-09-16,6.15
2013-09-17,6.15
2013-09-18,6.17
2013-09-19,6.17
2013-09-20,6.16
2013-09-23,6.16
2013-09-24,6.16
2013-09-25,6.16
2013-09-26,6.15
2013-09-27,6.16
2013-09-30,6.16
2013-10-01,6.17
2013-10-02,6.17
2013-10-03,6.17
2013-10-04,6.16
2013-10-07,6.17
2013-10-08,6.17
2013-10-09,6.22
2013-10-10,6.22
2013-10-11,6.22
2013-10-14,6.23
2013-10-15,6.23
2013-10-16,6.22
2013-10-17,6.23
2013-10-18,6.24
2013-10-21,6.25
2013-10-22,6.24
2013-10-23,6.24
2013-10-24,6.25
2013-10-25,6.25
2013-10-28,6.25
2013-10-29,6.25
2013-10-30,6.25
2013-10-31,6.25
2013-11-01,6.25
2013-11-04,6.25
2013-11-05,6.25
2013-11-06,6.25
2013-11-07,6.17
2013-11-08,6.16
2013-11-11,6.17
2013-11-12,6.17
2013-11-13,6.16
2013-11-14,6.16
2013-11-18,6.16
2013-11-19,6.15
2013-11-20,6.15
2013-11-21,6.15
2013-11-22,6.16
2013-11-25,6.15
2013-11-26,6.15
2013-11-27,6.15
2013-11-28,6.15
2013-11-29,6.14
2013-12-02,6.14
2013-12-03,6.13
2013-12-04,6.14
2013-12-05,6.14
2013-12-06,6.07
2013-12-09,6.07
2013-12-10,6.08
2013-12-11,6.08
2013-12-12,6.09
2013-12-13,6.08
2013-12-16,6.09
2013-12-17,6.08
2013-12-18,6.09
2013-12-19,6.1
2013-12-20,6.1
2013-12-23,6.1
2013-12-24,6.1
2013-12-26,6.11
2013-12-27,6.11
2013-12-30,6.11
2013-12-31,6.11
2014-01-02,6.11
2014-01-03,6.12
2014-01-06,6.13
2014-01-07,6.13
2014-01-08,6.13
2014-01-09,6.13
2014-01-10,5.97
2014-01-13,5.99
2014-01-14,5.99
2014-01-15,5.99
2014-01-16,6
2014-01-17,6
2014-01-20,6
2014-01-21,6
2014-01-22,6.03
2014-01-23,6.03
2014-01-24,6.03
2014-01-27,6.03
2014-01-28,6.02
2014-01-29,6.02
2014-01-30,6.02
2014-01-31,6.02
2014-02-03,6.02
2014-02-04,6.01
2014-02-05,6.02
2014-02-06,6.02
2014-02-07,6.03
2014-02-10,6.04
2014-02-11,6.05
2014-02-12,6.04
2014-02-13,6.04
2014-02-14,6.07
2014-02-17,6.08
2014-02-18,6.09
2014-02-19,6.11
2014-02-20,6.14
2014-02-21,6.15
2014-02-24,6.16
2014-02-25,6.16
2014-02-26,6.16
2014-02-27,6.17
2014-02-28,6.17
2014-03-05,6.18
2014-03-06,6.18
2014-03-07,6.18
2014-03-10,6.2
2014-03-11,6.21
2014-03-12,6.21
2014-03-13,6.22
2014-03-14,6.23
2014-03-17,6.25
2014-03-18,6.29
2014-03-19,6.3
2014-03-20,6.37
2014-03-21,6.38
2014-03-24,6.39
2014-03-25,6.4
2014-03-26,6.4
2014-03-27,6.42
2014-03-28,6.42
2014-03-31,6.42
2014-04-01,6.42
2014-04-02,6.43
2014-04-03,6.44
2014-04-04,6.45
2014-04-07,6.47
2014-04-08,6.47
2014-04-09,6.13
2014-04-10,6.13
2014-04-11,6.15
2014-04-14,6.15
2014-04-15,6.17
2014-04-16,6.21
2014-04-17,6.2
2014-04-22,6.2
2014-04-23,6.21
2014-04-24,6.21
2014-04-25,6.21
2014-04-28,6.21
2014-04-29,6.22
2014-04-30,6.22
2014-05-02,6.22
2014-05-05,6.22
2014-05-06,6.22
2014-05-07,6.22
2014-05-08,6.23
2014-05-09,5.97
2014-05-12,5.97
2014-05-13,5.98
2014-05-14,5.99
2014-05-15,5.98
2014-05-16,5.99
2014-05-19,5.99
2014-05-20,6.01
2014-05-21,6.02
2014-05-22,6.02
2014-05-23,6.02
2014-05-26,6.03
2014-05-27,6.03
2014-05-28,6.03
2014-05-29,6.03
2014-05-30,6.03
2014-06-02,6
2014-06-03,6
2014-06-04,6
2014-06-05,6
2014-06-06,6.01
2014-06-09,6.01
2014-06-10,6
2014-06-11,6.01
2014-06-12,6.01
2014-06-13,6
2014-06-16,5.99
2014-06-17,5.99
2014-06-18,5.99
2014-06-20,5.99
2014-06-23,6
2014-06-24,6.01
2014-06-25,6.01
2014-06-26,6.01
2014-06-27,6.01
2014-06-30,6.01
2014-07-01,6.02
2014-07-02,6.01
2014-07-03,6.02
2014-07-04,6.02
2014-07-07,6.04
2014-07-08,5.98
2014-07-09,5.98
2014-07-10,5.98
2014-07-11,5.98
2014-07-14,5.98
2014-07-15,6
2014-07-16,6
2014-07-17,5.99
2014-07-18,5.96
2014-07-21,5.95
2014-07-22,5.95
2014-07-23,5.94
2014-07-24,5.94
2014-07-25,5.94
2014-07-28,5.95
2014-07-29,5.95
2014-07-30,5.94
2014-07-31,5.95
2014-08-01,5.95
2014-08-04,5.94
2014-08-05,5.94
2014-08-06,5.94
2014-08-07,5.95
2014-08-08,6.18
2014-08-11,6.18
2014-08-12,6.18
2014-08-13,6.17
2014-08-14,6.18
2014-08-15,6.17
2014-08-18,6.14
2014-08-19,6.13
2014-08-20,6.13
2014-08-21,6.13
2014-08-22,6.14
2014-08-25,6.15
2014-08-26,6.15
2014-08-27,6.15
2014-08-28,6.15
2014-08-29,6.15
2014-09-01,6.15
2014-09-02,6.14
2014-09-03,6.14
2014-09-04,6.14
2014-09-05,6.26
2014-09-08,6.27
2014-09-09,6.27
2014-09-10,6.27
2014-09-11,6.27
2014-09-12,6.26
2014-09-15,6.27
2014-09-16,6.27
2014-09-17,6.27
2014-09-18,6.3
2014-09-19,6.31
2014-09-22,6.32
2014-09-23,6.32
2014-09-24,6.32
2014-09-25,6.32
2014-09-26,6.32
2014-09-29,6.33
2014-09-30,6.33
2014-10-01,6.34
2014-10-02,6.35
2014-10-03,6.35
2014-10-06,6.36
2014-10-07,6.36
2014-10-08,6.36
2014-10-09,6.36
2014-10-10,6.36
2014-10-13,6.36
2014-10-14,6.36
2014-10-15,6.36
2014-10-16,6.36
2014-10-17,6.36
2014-10-20,6.39
2014-10-21,6.38
2014-10-22,6.38
2014-10-23,6.38
2014-10-24,6.38
2014-10-27,6.4
2014-10-28,6.4
2014-10-29,6.41
2014-10-30,6.41
2014-10-31,6.41
2014-11-03,6.41
2014-11-04,6.41
2014-11-05,6.41
2014-11-06,6.41
2014-11-10,6.48
2014-11-11,6.47
2014-11-12,6.47
2014-11-13,6.47
2014-11-14,6.48
2014-11-17,6.5
2014-11-18,6.55
2014-11-19,6.54
2014-11-20,6.54
2014-11-21,6.55
2014-11-24,6.54
2014-11-25,6.54
2014-11-26,6.55
2014-11-27,6.55
2014-11-28,6.56
2014-12-01,6.56
2014-12-02,6.57
2014-12-03,6.57
2014-12-04,6.58
2014-12-05,6.61
2014-12-08,6.65
2014-12-09,6.65
2014-12-10,6.65
2014-12-11,6.66
2014-12-12,6.66
2014-12-15,6.68
2014-12-16,6.68
2014-12-17,6.69
2014-12-18,6.72
2014-12-19,6.72
2014-12-22,6.72
2014-12-23,6.72
2014-12-24,6.72
2014-12-26,6.72
2014-12-29,6.73
2014-12-30,6.73
2014-12-31,6.73
2015-01-02,6.74
2015-01-05,6.75
2015-01-06,6.76
2015-01-07,6.77
2015-01-08,6.77
2015-01-09,6.63
2015-01-12,6.65
2015-01-13,6.66
2015-01-14,6.66
2015-01-15,6.68
2015-01-16,6.7
2015-01-19,6.72
2015-01-20,6.74
2015-01-21,6.8
2015-01-22,6.93
2015-01-23,6.95
2015-01-26,6.96
2015-01-27,6.96
2015-01-28,6.96
2015-01-29,6.96
2015-01-30,6.97
2015-02-02,6.97
2015-02-03,6.98
2015-02-04,6.99
2015-02-05,7.01
2015-02-06,6.55
2015-02-09,6.59
2015-02-10,6.6
2015-02-11,6.62
2015-02-12,6.67
2015-02-13,6.71
2015-02-18,6.72
2015-02-19,6.75
2015-02-20,6.75
2015-02-23,6.86
2015-02-24,6.87
2015-02-25,6.88
2015-02-26,6.88
2015-02-27,6.88
2015-03-02,6.92
2015-03-03,6.94
2015-03-04,6.96
2015-03-05,6.98
2015-03-06,6.59
2015-03-09,6.63
2015-03-10,6.66
2015-03-11,6.67
2015-03-12,6.7
2015-03-13,6.76
2015-03-16,6.78
2015-03-17,6.78
2015-03-18,6.86
2015-03-19,6.95
2015-03-20,6.95
2015-03-23,6.99
2015-03-24,6.99
2015-03-25,6.98
2015-03-26,6.99
2015-03-27,6.99
2015-03-30,7.01
2015-03-31,7.01
2015-04-01,7.01
2015-04-02,7.01
2015-04-06,7.01
2015-04-07,7.01
2015-04-08,6.09
2015-04-09,6.09
2015-04-10,6.09
2015-04-13,6.1
2015-04-14,6.1
2015-04-15,6.1
2015-04-16,6.13
2015-04-17,6.14
2015-04-20,6.15
2015-04-22,6.16
2015-04-23,6.16
2015-04-24,6.16
2015-04-27,6.17
2015-04-28,6.17
2015-04-29,6.17
2015-04-30,6.17
2015-05-04,6.18
2015-05-05,6.19
2015-05-06,6.19
2015-05-07,6.2
2015-05-08,6.01
2015-05-11,6.01
2015-05-12,6.02
2015-05-13,6.02
2015-05-14,6.03
2015-05-15,6.04
2015-05-18,6.06
2015-05-19,6.05
2015-05-20,6.06
2015-05-21,6.08
2015-05-22,6.08
2015-05-25,6.09
2015-05-26,6.09
2015-05-27,6.1
2015-05-28,6.11
2015-05-29,6.11
2015-06-01,6.12
2015-06-02,6.12
2015-06-03,6.14
2015-06-05,6.16
2015-06-08,6.18
2015-06-09,6.2
2015-06-10,6.04
2015-06-11,6.08
2015-06-12,6.12
2015-06-15,6.16
2015-06-16,6.17
2015-06-17,6.19
2015-06-18,6.3
2015-06-19,6.34
2015-06-22,6.36
2015-06-23,6.36
2015-06-24,6.37
2015-06-25,6.37
2015-06-26,6.38
2015-06-29,6.37
2015-06-30,6.38
2015-07-01,6.39
2015-07-02,6.4
2015-07-03,6.42
2015-07-06,6.42
2015-07-07,6.41
2015-07-08,5.87
2015-07-09,5.88
2015-07-10,5.89
2015-07-13,5.9
2015-07-14,5.92
2015-07-15,5.91
2015-07-16,5.92
2015-07-17,5.92
2015-07-20,5.94
2015-07-21,5.96
2015-07-22,5.96
2015-07-23,5.97
2015-07-24,5.97
2015-07-27,5.99
2015-07-28,5.99
2015-07-29,5.98
2015-07-30,5.98
2015-07-31,5.98
2015-08-03,5.99
2015-08-04,6
2015-08-05,6.01
2015-08-06,6.01
2015-08-07,5.64
2015-08-10,5.65
2015-08-11,5.65
2015-08-12,5.67
2015-08-13,5.69
2015-08-14,5.69
2015-08-17,5.69
2015-08-18,5.69
2015-08-19,5.69
2015-08-20,5.67
2015-08-21,5.66
2015-08-24,5.66
2015-08-25,5.66
2015-08-26,5.66
2015-08-27,5.66
2015-08-28,5.66
2015-08-31,5.66
2015-09-01,5.66
2015-09-02,5.67
2015-09-03,5.68
2015-09-04,5.68
2015-09-08,5.71
2015-09-09,5.73
2015-09-10,5.75
2015-09-11,5.76
2015-09-14,5.78
2015-09-15,5.79
2015-09-16,5.82
2015-09-17,5.85
2015-09-18,5.88
2015-09-21,6.07
2015-09-22,6.07
2015-09-23,6.08
2015-09-24,6.08
2015-09-25,6.1
2015-09-28,6.11
2015-09-29,6.11
2015-09-30,6.15
2015-10-01,6.2
2015-10-02,6.25
2015-10-05,6.3
2015-10-06,6.3
2015-10-07,6.25
2015-10-08,6.31
2015-10-09,6.33
2015-10-13,6.35
2015-10-14,6.36
2015-10-15,6.37
2015-10-16,6.38
2015-10-19,6.42
2015-10-20,6.59
2015-10-21,6.6
2015-10-22,6.61
2015-10-23,6.63
2015-10-26,6.64
2015-10-27,6.65
2015-10-28,6.65
2015-10-29,6.67
2015-10-30,6.72
2015-11-03,6.75
2015-11-04,6.77
2015-11-05,6.8
2015-11-06,6.58
2015-11-09,6.61
2015-11-10,6.62
2015-11-11,6.63
2015-11-12,6.64
2015-11-13,6.71
2015-11-16,6.81
2015-11-17,6.86
2015-11-18,7.06
2015-11-19,7.1
2015-11-20,7.11
2015-11-23,7.12
2015-11-24,7.14
2015-11-25,7.14
2015-11-26,7.15
2015-11-27,7.15
2015-11-30,7.16
2015-12-01,7.18
2015-12-02,7.18
2015-12-03,7.19
2015-12-04,7.2
2015-12-07,7.24
2015-12-08,7.25
2015-12-09,6.95
2015-12-10,6.96
2015-12-11,6.99
2015-12-14,7
2015-12-15,7
2015-12-16,7.02
2015-12-17,7.12
2015-12-18,7.12
2015-12-21,7.13
2015-12-22,7.13
2015-12-23,7.13
2015-12-24,7.13
2015-12-28,7.15
2015-12-29,7.16
2015-12-30,7.17
2015-12-31,7.19
2016-01-04,7.21
2016-01-05,7.21
2016-01-06,7.21
2016-01-07,7.22
2016-01-08,6.91
2016-01-11,6.97
2016-01-12,6.98
2016-01-13,6.99
2016-01-14,7
2016-01-15,7.02
2016-01-18,7.08
2016-01-19,7.09
2016-01-20,7.11
2016-01-21,7.24
2016-01-22,7.28
2016-01-25,7.28
2016-01-26,7.28
2016-01-27,7.27
2016-01-28,7.27
2016-01-29,7.29
2016-02-01,7.33
2016-02-02,7.32
2016-02-03,7.33
2016-02-04,7.33
2016-02-05,6.94
2016-02-10,6.95
2016-02-11,6.99
2016-02-12,6.97
2016-02-15,6.98
2016-02-16,6.99
2016-02-17,7
2016-02-18,6.98
2016-02-19,6.99
2016-02-22,6.97
2016-02-23,6.98
2016-02-24,6.99
2016-02-25,6.99
2016-02-26,6.99
2016-02-29,7.01
2016-03-01,7.01
2016-03-02,7.01
2016-03-03,7.01
2016-03-04,7.02
2016-03-07,7.03
2016-03-08,7.03
2016-03-09,6.68
2016-03-10,6.67
2016-03-11,6.67
2016-03-14,6.69
2016-03-15,6.69
2016-03-16,6.69
2016-03-17,6.68
2016-03-18,6.66
2016-03-21,6.64
2016-03-22,6.6
2016-03-23,6.58
2016-03-24,6.56
2016-03-28,6.54
2016-03-29,6.53
2016-03-30,6.53
2016-03-31,6.52
2016-04-01,6.52
2016-04-04,6.52
2016-04-05,6.52
2016-04-06,6.48
2016-04-07,6.48
2016-04-08,6.45
2016-04-11,6.44
2016-04-12,6.44
2016-04-13,6.44
2016-04-14,6.44
2016-04-15,6.41
2016-04-18,6.4
2016-04-19,6.25
2016-04-20,6.23
2016-04-22,6.23
2016-04-25,6.22
2016-04-26,6.22
2016-04-27,6.21
2016-04-28,6.2
2016-04-29,6.21
2016-05-02,6.2
2016-05-03,6.19
2016-05-04,6.19
2016-05-05,6.19
2016-05-06,6.16
2016-05-09,6.14
2016-05-10,6.15
2016-05-11,6.14
2016-05-12,6.13
2016-05-13,6.13
2016-05-16,6.11
2016-05-17,6.13
2016-05-18,6.12
2016-05-19,6.1
2016-05-20,6.12
2016-05-23,6.11
2016-05-24,6.13
2016-05-25,6.13
2016-05-27,6.14
2016-05-30,6.16
2016-05-31,6.17
2016-06-01,6.19
2016-06-02,6.2
2016-06-03,6.21
2016-06-06,6.22
2016-06-07,6.23
2016-06-08,5.92
2016-06-09,5.92
2016-06-10,5.92
2016-06-13,5.93
2016-06-14,5.93
2016-06-15,5.92
2016-06-16,5.94
2016-06-17,5.95
2016-06-20,6.01
2016-06-21,6.01
2016-06-22,6.01
2016-06-23,6.01
2016-06-24,6.01
2016-06-27,6.01
2016-06-28,6
2016-06-29,6.02
2016-06-30,6.01
2016-07-01,6
2016-07-04,5.98
2016-07-05,5.98
2016-07-06,5.97
2016-07-07,5.97
2016-07-08,5.84
2016-07-11,5.85
2016-07-12,5.85
2016-07-13,5.85
2016-07-14,5.85
2016-07-15,5.83
2016-07-18,5.8
2016-07-19,5.79
2016-07-20,5.73
2016-07-21,5.74
2016-07-22,5.73
2016-07-25,5.73
2016-07-26,5.73
2016-07-27,5.73
2016-07-28,5.72
2016-07-29,5.7
2016-08-01,5.66
2016-08-02,5.66
2016-08-03,5.66
2016-08-04,5.65
2016-08-05,5.65
2016-08-08,5.65
2016-08-09,5.64
2016-08-10,5.42
2016-08-11,5.43
2016-08-12,5.43
2016-08-15,5.42
2016-08-16,5.4
2016-08-17,5.41
2016-08-18,5.4
2016-08-19,5.4
2016-08-22,5.43
2016-08-23,5.45
2016-08-24,5.45
2016-08-25,5.45
2016-08-26,5.45
2016-08-29,5.45
2016-08-30,5.44
2016-08-31,5.44
2016-09-01,5.46
2016-09-02,5.46
2016-09-05,5.46
2016-09-06,5.45
2016-09-08,5.46
2016-09-09,5.26
2016-09-12,5.24
2016-09-13,5.24
2016-09-14,5.24
2016-09-15,5.24
2016-09-16,5.23
2016-09-19,5.19
2016-09-20,5.18
2016-09-21,5.14
2016-09-22,5.11
2016-09-23,5.1
2016-09-26,5.09
2016-09-27,5.08
2016-09-28,5.08
2016-09-29,5.07
2016-09-30,5.07
2016-10-03,5.06
2016-10-04,5.05
2016-10-05,5.05
2016-10-06,5.04
2016-10-07,5.13
2016-10-10,5.12
2016-10-11,5.11
2016-10-13,5.11
2016-10-14,5.06
2016-10-17,5.04
2016-10-18,5.02
2016-10-19,5.01
2016-10-20,4.94
2016-10-21,4.93
2016-10-24,4.89
2016-10-25,4.87
2016-10-26,4.88
2016-10-27,4.88
2016-10-28,4.88
2016-10-31,4.87
2016-11-01,4.86
2016-11-03,4.85
2016-11-04,4.85
2016-11-07,4.85
2016-11-08,4.85
2016-11-09,4.95
2016-11-10,4.95
2016-11-11,4.95
2016-11-14,4.94
2016-11-16,4.94
2016-11-17,4.93
2016-11-18,4.92
2016-11-21,4.91
2016-11-22,4.87
2016-11-23,4.86
2016-11-24,4.86
2016-11-25,4.83
2016-11-28,4.81
2016-11-29,4.81
2016-11-30,4.8
2016-12-01,4.8
2016-12-02,4.78
2016-12-05,4.77
2016-12-06,4.78
2016-12-07,4.77
2016-12-08,4.76
2016-12-09,4.88
2016-12-12,4.87
2016-12-13,4.86
2016-12-14,4.85
2016-12-15,4.84
2016-12-16,4.83
2016-12-19,4.82
2016-12-20,4.75
2016-12-21,4.74
2016-12-22,4.72
2016-12-23,4.71
2016-12-26,4.71
2016-12-27,4.7
2016-12-28,4.7
2016-12-29,4.69
2016-12-30,4.69
2017-01-02,4.68
2017-01-03,4.68
2017-01-04,4.68
2017-01-05,4.68
2017-01-06,4.69
2017-01-09,4.67
2017-01-10,4.67
2017-01-11,4.83
2017-01-12,4.82
2017-01-13,4.81
2017-01-16,4.81
2017-01-17,4.8
2017-01-18,4.77
2017-01-19,4.75
2017-01-20,4.75
2017-01-23,4.74
2017-01-24,4.74
2017-01-25,4.74
2017-01-26,4.74
2017-01-27,4.73
2017-01-30,4.72
2017-01-31,4.71
2017-02-01,4.7
2017-02-02,4.68
2017-02-03,4.66
2017-02-06,4.66
2017-02-07,4.66
2017-02-08,4.72
2017-02-09,4.7
2017-02-10,4.69
2017-02-13,4.66
2017-02-14,4.64
2017-02-15,4.63
2017-02-16,4.62
2017-02-17,4.6
2017-02-20,4.55
2017-02-21,4.52
2017-02-22,4.53
2017-02-23,4.53
2017-02-24,4.53
2017-03-01,4.53
2017-03-02,4.52
2017-03-03,4.52
2017-03-06,4.51
2017-03-07,4.51
2017-03-08,4.5
2017-03-09,4.5
2017-03-10,4.56
2017-03-13,4.56
2017-03-14,4.55
2017-03-15,4.54
2017-03-16,4.54
2017-03-17,4.54
2017-03-20,4.51
2017-03-21,4.46
2017-03-22,4.47
2017-03-23,4.46
2017-03-24,4.46
2017-03-27,4.46
2017-03-28,4.47
2017-03-29,4.46
2017-03-30,4.46
2017-03-31,4.45
2017-04-03,4.45
2017-04-04,4.44
2017-04-05,4.44
2017-04-06,4.44
2017-04-07,4.57
2017-04-10,4.56
2017-04-11,4.56
2017-04-12,4.56
2017-04-13,4.53
2017-04-17,4.54
2017-04-18,4.53
2017-04-19,4.48
2017-04-20,4.48
2017-04-24,4.47
2017-04-25,4.47
2017-04-26,4.46
2017-04-27,4.46
2017-04-28,4.45
2017-05-02,4.46
2017-05-03,4.47
2017-05-04,4.46
2017-05-05,4.45
2017-05-08,4.45
2017-05-09,4.44
2017-05-10,4.66
2017-05-11,4.66
2017-05-12,4.67
2017-05-15,4.66
2017-05-16,4.66
2017-05-17,4.66
2017-05-18,4.66
2017-05-19,4.66
2017-05-22,4.7
2017-05-23,4.71
2017-05-24,4.7
2017-05-25,4.7
2017-05-26,4.68
2017-05-29,4.67
2017-05-30,4.66
2017-05-31,4.64
2017-06-01,4.64
2017-06-02,4.62
2017-06-05,4.6
2017-06-06,4.59
2017-06-07,4.6
2017-06-08,4.59
2017-06-09,4.45
2017-06-12,4.42
2017-06-13,4.41
2017-06-14,4.38
2017-06-16,4.34
2017-06-19,4.33
2017-06-20,4.31
2017-06-21,4.26
2017-06-22,4.16
2017-06-23,4.15
2017-06-26,4.13
2017-06-27,4.13
2017-06-28,4.13
2017-06-29,4.13
2017-06-30,4.12
2017-07-03,4.09
2017-07-04,4.09
2017-07-05,4.09
2017-07-06,4.09
2017-07-07,4.46
2017-07-10,4.43
2017-07-11,4.41
2017-07-12,4.4
2017-07-13,4.37
2017-07-14,4.36
2017-07-17,4.36
2017-07-18,4.35
2017-07-19,4.34
2017-07-20,4.34
2017-07-21,4.4
2017-07-24,4.42
2017-07-25,4.43
2017-07-26,4.42
2017-07-27,4.43
2017-07-28,4.45
2017-07-31,4.47
2017-08-01,4.48
2017-08-02,4.5
2017-08-03,4.51
2017-08-04,4.49
2017-08-07,4.5
2017-08-08,4.5
2017-08-09,4.51
2017-08-10,4.52
2017-08-11,4.51
2017-08-14,4.53
2017-08-15,4.52
2017-08-16,4.52
2017-08-17,4.51
2017-08-18,4.51
2017-08-21,4.53
2017-08-22,4.49
2017-08-23,4.48
2017-08-24,4.47
2017-08-25,4.44
2017-08-28,4.43
2017-08-29,4.41
2017-08-30,4.39
2017-08-31,4.37
2017-09-01,4.37
2017-09-04,4.36
2017-09-05,4.36
2017-09-06,4.17
2017-09-08,4.13
2017-09-11,4.11
2017-09-12,4.1
2017-09-13,4.09
2017-09-14,4.07
2017-09-15,4.05
2017-09-18,4.03
2017-09-19,4
2017-09-20,3.92
2017-09-21,3.91
2017-09-22,3.91
2017-09-25,3.89
2017-09-26,3.89
2017-09-27,3.89
2017-09-28,3.89
2017-09-29,3.89
2017-10-02,3.89
2017-10-03,3.89
2017-10-04,3.89
2017-10-05,3.89
2017-10-06,4.04
2017-10-09,4.04
2017-10-10,4.06
2017-10-11,4.07
2017-10-13,4.06
2017-10-16,4.08
2017-10-17,4.1
2017-10-18,4.11
2017-10-19,4.12
2017-10-20,4.11
2017-10-23,4.11
2017-10-24,4.11
2017-10-25,4.11
2017-10-26,4.12
2017-10-27,4.13
2017-10-30,4.13
2017-10-31,4.14
2017-11-01,4.14
2017-11-03,4.15
2017-11-06,4.16
2017-11-07,4.16
2017-11-08,4.16
2017-11-09,4.17
2017-11-10,4.05
2017-11-13,4.06
2017-11-14,4.06
2017-11-16,4.06
2017-11-17,4.06
2017-11-20,4.09
2017-11-21,4.09
2017-11-22,4.06
2017-11-23,4.05
2017-11-24,4.05
2017-11-27,4.04
2017-11-28,4.01
2017-11-29,4
2017-11-30,3.99
2017-12-01,3.99
2017-12-04,3.97
2017-12-05,3.97
2017-12-06,3.96
2017-12-07,3.94
2017-12-08,3.93
2017-12-11,3.91
2017-12-12,3.9
2017-12-13,3.9
2017-12-14,3.89
2017-12-15,3.88
2017-12-18,3.87
2017-12-19,3.85
2017-12-20,3.8
2017-12-21,3.8
2017-12-22,3.8
2017-12-26,3.8
2017-12-27,3.8
2017-12-28,3.8
2017-12-29,3.8
2018-01-02,3.79
2018-01-03,3.78
2018-01-04,3.78
2018-01-05,3.78
2018-01-08,3.77
2018-01-09,3.77
2018-01-10,3.96
2018-01-11,3.95
2018-01-12,3.96
2018-01-15,3.96
2018-01-16,3.96
2018-01-17,3.96
2018-01-18,3.97
2018-01-19,3.97
2018-01-22,3.97
2018-01-23,3.97
2018-01-24,3.97
2018-01-25,3.97
2018-01-26,3.98
2018-01-29,3.98
2018-01-30,3.98
2018-01-31,3.98
2018-02-01,3.98
2018-02-02,3.97
2018-02-05,3.97
2018-02-06,3.97
2018-02-07,3.97
2018-02-08,4.04
2018-02-09,4.03
2018-02-14,4.04
2018-02-15,4.03
2018-02-16,4
2018-02-19,3.99
2018-02-20,3.99
2018-02-21,3.98
2018-02-22,3.94
2018-02-23,3.94
